Title,URL
高音厨音域テスト / 音ノ瀬らこ【歌枠切り抜き】,https://www.youtube.com/watch?v=Yr-hciqYekQ
神っぽいな / 音ノ瀬らこ【歌枠切り抜き】,https://www.youtube.com/watch?v=HVO8n33m218
ロストワンの号哭 / 音ノ瀬らこ【歌枠切り抜き】,https://www.youtube.com/watch?v=q7hEdZX1MlI
かくれんぼ / 音ノ瀬らこ【歌枠切り抜き】,https://www.youtube.com/watch?v=fTz4g-qiZKc
イガク / 音ノ瀬らこ【歌枠切り抜き】,https://www.youtube.com/watch?v=1mMuz7nMSjY
ハム太郎とっとこうた / 音ノ瀬らこ【歌枠切り抜き】,https://www.youtube.com/watch?v=GJwyvOpjH3g
転生林檎 / 音ノ瀬らこ【歌枠切り抜き】,https://www.youtube.com/watch?v=GXo_1dj8qEk
地球最後の告白を / 音ノ瀬らこ【歌枠切り抜き】,https://www.youtube.com/watch?v=Ibm9eav7EcY
8番出口 / 音ノ瀬らこ【歌枠切り抜き】,https://www.youtube.com/watch?v=NkHU1O2QkAY
天ノ弱 / 音ノ瀬らこ【歌枠切り抜き】,https://www.youtube.com/watch?v=T-65i6CLeME
アスノヨゾラ哨戒班 / 音ノ瀬らこ【歌枠切り抜き】,https://www.youtube.com/watch?v=YHWVJlsZESA
唱 / 音ノ瀬らこ【歌枠切り抜き】,https://www.youtube.com/watch?v=_zIsNGW-DLY
ロウワー / 音ノ瀬らこ【歌枠切り抜き】,https://www.youtube.com/watch?v=a5M1JpcbzmM
残機 / 音ノ瀬らこ【歌枠切り抜き】,https://www.youtube.com/watch?v=ahD2wUZXMVk
ビビデバ / 音ノ瀬らこ【歌枠切り抜き】,https://www.youtube.com/watch?v=biebRqP6sdA
春泥棒 / 音ノ瀬らこ【歌枠切り抜き】,https://www.youtube.com/watch?v=gOM8CPdM3zY
Aじゃないか / 音ノ瀬らこ【歌枠切り抜き】,https://www.youtube.com/watch?v=gp8_Oy32KD8
メズマライザー / 音ノ瀬らこ【歌枠切り抜き】,https://www.youtube.com/watch?v=h0cd0DH5TY8
ロストワンの号哭 / 音ノ瀬らこ【歌枠切り抜き】,https://www.youtube.com/watch?v=jNUFlYzEIfM
フォニイ / 音ノ瀬らこ【歌枠切り抜き】,https://www.youtube.com/watch?v=jNj3mnm9geI
夜明けと蛍 / 音ノ瀬らこ【歌枠切り抜き】,https://www.youtube.com/watch?v=psOug5OR62M
Tot Musica / 音ノ瀬らこ【歌枠切り抜き】,https://www.youtube.com/watch?v=vL9htcReQOo
CITRUS / 音ノ瀬らこ【歌枠切り抜き】,https://www.youtube.com/watch?v=1ijIR45y0Zs
名前のない怪物 / 音ノ瀬らこ【歌枠切り抜き】,https://www.youtube.com/watch?v=2mxOnCQU_MI
悪魔の子 / 音ノ瀬らこ【歌枠切り抜き】,https://www.youtube.com/watch?v=4K0pQF7u4uU
シンデレラボーイ / 音ノ瀬らこ【歌枠切り抜き】,https://www.youtube.com/watch?v=FPzivJ_nKUI
アイドル / 音ノ瀬らこ【歌枠切り抜き】,https://www.youtube.com/watch?v=FkQ1EYV1cZE
ドライフラワー / 音ノ瀬らこ【歌枠切り抜き】,https://www.youtube.com/watch?v=IibAf7-9VSE
群青 / 音ノ瀬らこ【歌枠切り抜き】,https://www.youtube.com/watch?v=LH0asB_NjLg
心という名の不可解 / 音ノ瀬らこ【歌枠切り抜き】,https://www.youtube.com/watch?v=QcyF_a35YqY
踊 / 音ノ瀬らこ【歌枠切り抜き】,https://www.youtube.com/watch?v=Rm1aHFN0ohM
青と夏 / 音ノ瀬らこ【歌枠切り抜き】,https://www.youtube.com/watch?v=TQOYg2gbDjs
勇者 / 音ノ瀬らこ【歌枠切り抜き】,https://www.youtube.com/watch?v=U70RpjfR3P0
祝福 / 音ノ瀬らこ【歌枠切り抜き】,https://www.youtube.com/watch?v=eRooCeRUhxQ
ギラギラ / 音ノ瀬らこ【歌枠切り抜き】,https://www.youtube.com/watch?v=hJktBrCSu-c
晩餐歌 / 音ノ瀬らこ【歌枠切り抜き】,https://www.youtube.com/watch?v=iltoJPwawZ4
阿修羅ちゃん / 音ノ瀬らこ【歌枠切り抜き】,https://www.youtube.com/watch?v=mw1KWlp2Txg
藍二乗 / 音ノ瀬らこ【歌枠切り抜き】,https://www.youtube.com/watch?v=r-hizOS-Rvc
メフィスト / 音ノ瀬らこ【歌枠切り抜き】,https://www.youtube.com/watch?v=vLP2vWKiOFY
畢生よ / 音ノ瀬らこ【歌枠切り抜き】,https://www.youtube.com/watch?v=KQkUG1yvelQ
Dec. / 音ノ瀬らこ【歌枠切り抜き】,https://www.youtube.com/watch?v=s8GoWzAeVX8
Stellar Stellar / 音ノ瀬らこ【歌枠切り抜き】,https://www.youtube.com/watch?v=9bkGXZdVe3g
ヴァンパイア / 音ノ瀬らこ【歌枠切り抜き】,https://www.youtube.com/watch?v=4ZRQgmNr5lI
かくれんぼ / 音ノ瀬らこ【歌枠切り抜き】,https://www.youtube.com/watch?v=QSorEsT49TY
キメラ / 音ノ瀬らこ【歌枠切り抜き】,https://www.youtube.com/watch?v=ZKQ5nUzY4TI
ファンサ / 音ノ瀬らこ【歌枠切り抜き】,https://www.youtube.com/watch?v=OGrDT-KU128
マーシャル・マキシマイザー / 音ノ瀬らこ【歌枠切り抜き】,https://www.youtube.com/watch?v=D9cYe_OyMVQ
メンタルチェンソー / 音ノ瀬らこ【歌枠切り抜き】,https://www.youtube.com/watch?v=O8A4JY_weo8
レディメイド / 音ノ瀬らこ【歌枠切り抜き】,https://www.youtube.com/watch?v=gvxVvzaks60
ロストワンの号哭 / 音ノ瀬らこ【歌枠切り抜き】,https://www.youtube.com/watch?v=wCjjQDctXVg
大切な人たちへ / 音ノ瀬らこ【歌枠切り抜き】,https://www.youtube.com/watch?v=EBMciK7ssZ0
命に嫌われている。 / 音ノ瀬らこ【歌枠切り抜き】,https://www.youtube.com/watch?v=qWi9xhvYW8I
花になって / 音ノ瀬らこ【歌枠切り抜き】,https://www.youtube.com/watch?v=irm5-09doRE
花の塔 / 音ノ瀬らこ【歌枠切り抜き】,https://www.youtube.com/watch?v=HCkkJnHOEBo
絶頂讃歌 / 音ノ瀬らこ【歌枠切り抜き】,https://www.youtube.com/watch?v=md9_ekjN9Ew
誇り高きアイドル / 音ノ瀬らこ【歌枠切り抜き】,https://www.youtube.com/watch?v=2_LkpSE9VcE
踊 / 音ノ瀬らこ【歌枠切り抜き】,https://www.youtube.com/watch?v=1VPif2oGVI0
藍二乗 / 音ノ瀬らこ【歌枠切り抜き】,https://www.youtube.com/watch?v=Gsg7rkwfJzY
Bling Bang Bang Born / 音ノ瀬らこ【歌枠切り抜き】,https://www.youtube.com/watch?v=WM0Kwqk8IDk
あの夏が飽和する。 / 音ノ瀬らこ【歌枠切り抜き】,https://www.youtube.com/watch?v=Jj4yoLRUPGo
アンノウン・マザーグース / 音ノ瀬らこ【歌枠切り抜き】,https://www.youtube.com/watch?v=HTYNDTCrPAU
ウタカタララバイ / 音ノ瀬らこ【歌枠切り抜き】,https://www.youtube.com/watch?v=jPGLgZs6bGk
からくりピエロ / 音ノ瀬らこ【歌枠切り抜き】,https://www.youtube.com/watch?v=C4crxU7cd-Q
キャットラビング / 音ノ瀬らこ【歌枠切り抜き】,https://www.youtube.com/watch?v=uHge9YjCeus
シャルル / 音ノ瀬らこ【歌枠切り抜き】,https://www.youtube.com/watch?v=aVUwzEiM-3o
とても素敵な六月でした / 音ノ瀬らこ【歌枠切り抜き】,https://www.youtube.com/watch?v=Kk-rO5CfXUg
バグ / 音ノ瀬らこ【歌枠切り抜き】,https://www.youtube.com/watch?v=YDyy2Nw-SuA
ヒバナ / 音ノ瀬らこ【歌枠切り抜き】,https://www.youtube.com/watch?v=pLbzQRzXwgk
わたしの一番かわいいところ / 音ノ瀬らこ【歌枠切り抜き】,https://www.youtube.com/watch?v=U2N1ZFgRiko
ラヴィ / 音ノ瀬らこ【歌枠切り抜き】,https://www.youtube.com/watch?v=zcziX-x9kcc
拝啓ドッペルゲンガー / 音ノ瀬らこ【歌枠切り抜き】,https://www.youtube.com/watch?v=2rP6FymHaKw
愛して愛して愛して / 音ノ瀬らこ【歌枠切り抜き】,https://www.youtube.com/watch?v=kKvIorOG2Mw
六兆年と一夜物語 / 音ノ瀬らこ【歌枠切り抜き】,https://www.youtube.com/watch?v=EvRfglCSjyo
如月アテンション / 音ノ瀬らこ【歌枠切り抜き】,https://www.youtube.com/watch?v=4gTjdr2fY-E
私の時間 / 音ノ瀬らこ【歌枠切り抜き】,https://www.youtube.com/watch?v=3riWLX8Paj4
東京テディベア / 音ノ瀬らこ【歌枠切り抜き】,https://www.youtube.com/watch?v=AyApsePIgjY
Calc / 音ノ瀬らこ【歌枠切り抜き】,https://www.youtube.com/watch?v=HHw4c-9sX1Y
アウターサイエンス / 音ノ瀬らこ【歌枠切り抜き】,https://www.youtube.com/watch?v=g0g6c1zRc7g
えれくとりっく・えんじぇぅ / 音ノ瀬らこ【歌枠切り抜き】,https://www.youtube.com/watch?v=LGn4yoccdYE
カゲロウデイズ / 音ノ瀬らこ【歌枠切り抜き】,https://www.youtube.com/watch?v=8kHTSrIHq4M
こちら、幸福安心委員会です。 / 音ノ瀬らこ【歌枠切り抜き】,https://www.youtube.com/watch?v=wqx140YzP_U
メランコリック / 音ノ瀬らこ【歌枠切り抜き】,https://www.youtube.com/watch?v=nijcVKfgQs4
ゆめゆめ / 音ノ瀬らこ【歌枠切り抜き】,https://www.youtube.com/watch?v=7jcWRi6EOL4
ラブチーノ / 音ノ瀬らこ【歌枠切り抜き】,https://www.youtube.com/watch?v=zyIQ-Lr__nc
ルカルカ★ナイトフィーバー / 音ノ瀬らこ【歌枠切り抜き】,https://www.youtube.com/watch?v=qRq9LKOj0b0
ロミオとシンデレラ / 音ノ瀬らこ【歌枠切り抜き】,https://www.youtube.com/watch?v=wZMhP6owys8
ワールズエンド・ダンスホール / 音ノ瀬らこ【歌枠切り抜き】,https://www.youtube.com/watch?v=6ruSaKRKyK0
恋愛裁判 / 音ノ瀬らこ【歌枠切り抜き】,https://www.youtube.com/watch?v=IZ9T71HQilU
裏表ラバーズ / 音ノ瀬らこ【歌枠切り抜き】,https://www.youtube.com/watch?v=P3upfyX7qsw
透明エレジー / 音ノ瀬らこ【歌枠切り抜き】,https://www.youtube.com/watch?v=8kUsqpvIAw0
拝啓、少年よ / 音ノ瀬らこ【歌枠切り抜き】,https://www.youtube.com/watch?v=8KBHAWueC4A
花瓶に触れた / 音ノ瀬らこ【歌枠切り抜き】,https://www.youtube.com/watch?v=1rfT_RkzduY
秒針を噛む / 音ノ瀬らこ【歌枠切り抜き】,https://www.youtube.com/watch?v=tx6eIuDC2tM
Dear  Mr「F」 / 音ノ瀬らこ【歌枠切り抜き】,https://www.youtube.com/watch?v=BBB1_udYpwQ
オーバーライド / 音ノ瀬らこ【歌枠切り抜き】,https://www.youtube.com/watch?v=nbQ31hyF8OM
シル・ヴ・プレジデント / 音ノ瀬らこ【歌枠切り抜き】,https://www.youtube.com/watch?v=5e7fR8CN9_0
スロウダウナー / 音ノ瀬らこ【歌枠切り抜き】,https://www.youtube.com/watch?v=cvryJafsKQM
カワキヲアメク / 音ノ瀬らこ【歌枠切り抜き】,https://www.youtube.com/watch?v=rPog-4StAps
だから僕は音楽を辞めた / 音ノ瀬らこ【歌枠切り抜き】,https://www.youtube.com/watch?v=X5Cd2k_n4hw
ダダダダ天使 / 音ノ瀬らこ【歌枠切り抜き】,https://www.youtube.com/watch?v=LS9yzmB4Op8
君の知らない物語 / 音ノ瀬らこ【歌枠切り抜き】,https://www.youtube.com/watch?v=h0dJSKR0950
永遠のあくる日 / 音ノ瀬らこ【歌枠切り抜き】,https://www.youtube.com/watch?v=yZhZUh2VdLs
回る空うさぎ / 音ノ瀬らこ【歌枠切り抜き】,https://www.youtube.com/watch?v=cu1-dkiIaJw
炎 / 音ノ瀬らこ【歌枠切り抜き】,https://www.youtube.com/watch?v=kF_0Cbgp6yo
深海少女 / 音ノ瀬らこ【歌枠切り抜き】,https://www.youtube.com/watch?v=noEAshJGEW0
晩餐歌 / 音ノ瀬らこ【歌枠切り抜き】,https://www.youtube.com/watch?v=1fnexQfhrL0
贖罪 / 音ノ瀬らこ【歌枠切り抜き】,https://www.youtube.com/watch?v=T3mYO7jDYRg
Ghost of a Smile / 音ノ瀬らこ【歌枠切り抜き】,https://www.youtube.com/watch?v=DpAucRG3cEI
アイロニ / 音ノ瀬らこ【歌枠切り抜き】,https://www.youtube.com/watch?v=TcjYEzIcad4
曖昧劣情Lover / 音ノ瀬らこ【歌枠切り抜き】,https://www.youtube.com/watch?v=63r4h56g3IA
Departures ～あなたにおくるアイの歌～ / 音ノ瀬らこ【歌枠切り抜き】,https://www.youtube.com/watch?v=akodKRrxi4U
あなたの夜が明けるまで / 音ノ瀬らこ【歌枠切り抜き】,https://www.youtube.com/watch?v=kwn_uQ-DZ8s
それがあなたの幸せとしても / 音ノ瀬らこ【歌枠切り抜き】,https://www.youtube.com/watch?v=w0dPSQu24N8
ハロ／ハワユ / 音ノ瀬らこ【歌枠切り抜き】,https://www.youtube.com/watch?v=somchKbz4hY
メーベル / 音ノ瀬らこ【歌枠切り抜き】,https://www.youtube.com/watch?v=r1I9OD2FIO8
わたしのアール / 音ノ瀬らこ【歌枠切り抜き】,https://www.youtube.com/watch?v=sCQuO0uWQyY
心做し / 音ノ瀬らこ【歌枠切り抜き】,https://www.youtube.com/watch?v=Zsh0do_5Loo
G4L / 音ノ瀬らこ【歌枠切り抜き】,https://www.youtube.com/watch?v=Az-2YJy8bN0
ヴィラン / 音ノ瀬らこ【歌枠切り抜き】,https://www.youtube.com/watch?v=MWpG6u6UClU
サマータイムレコード / 音ノ瀬らこ【歌枠切り抜き】,https://www.youtube.com/watch?v=3v9AoatkDSI
ずうっといっしょ！ / 音ノ瀬らこ【歌枠切り抜き】,https://www.youtube.com/watch?v=5eeQOIc9UoQ
ハオ / 音ノ瀬らこ【歌枠切り抜き】,https://www.youtube.com/watch?v=UTZ0JcUGqs8
パメラ / 音ノ瀬らこ【歌枠切り抜き】,https://www.youtube.com/watch?v=EwgVAQNwM3c
プロトディスコ / 音ノ瀬らこ【歌枠切り抜き】,https://www.youtube.com/watch?v=ayDAS9XRTII
ロキ / 音ノ瀬らこ【歌枠切り抜き】,https://www.youtube.com/watch?v=fOMn_Xk1DEM
少女レイ / 音ノ瀬らこ【歌枠切り抜き】,https://www.youtube.com/watch?v=IEJrY6vp7yE
夜明けと蛍 / 音ノ瀬らこ【歌枠切り抜き】,https://www.youtube.com/watch?v=2wCILCd0Fuc
ハングリーニコル / 音ノ瀬らこ【歌枠切り抜き】,https://www.youtube.com/watch?v=w1ap51X5i4o
Tot Musica / 音ノ瀬らこ【歌枠切り抜き】,https://www.youtube.com/watch?v=r_zT1ZiwqoI
エバ / 音ノ瀬らこ【歌枠切り抜き】,https://www.youtube.com/watch?v=g5A6mqekJuo
ノンブレス・オブリージュ / 音ノ瀬らこ【歌枠切り抜き】,https://www.youtube.com/watch?v=80wU1JiCbSo
ハオ / 音ノ瀬らこ【歌枠切り抜き】,https://www.youtube.com/watch?v=nL2pRF8QISg
春泥棒 / 音ノ瀬らこ【歌枠切り抜き】,https://www.youtube.com/watch?v=pJ2e65suspw
ファタール / 音ノ瀬らこ【歌枠切り抜き】,https://www.youtube.com/watch?v=VnF-YVszaJg
フォニイ / 音ノ瀬らこ【歌枠切り抜き】,https://www.youtube.com/watch?v=OT-jf4AH9zU
ラヴィ / 音ノ瀬らこ【歌枠切り抜き】,https://www.youtube.com/watch?v=yOtmvxyCwoA
ロウワー / 音ノ瀬らこ【歌枠切り抜き】,https://www.youtube.com/watch?v=bhb0u3ql5QA
忘れてやらない / 音ノ瀬らこ【歌枠切り抜き】,https://www.youtube.com/watch?v=Y2t4be1g7ok
星座になれたら / 音ノ瀬らこ【歌枠切り抜き】,https://www.youtube.com/watch?v=ZI9ImCugNEg
かくれんぼ / 音ノ瀬らこ【歌枠切り抜き】,https://www.youtube.com/watch?v=-qIDZPmbPOA
ヒバナ / 音ノ瀬らこ【歌枠切り抜き】,https://www.youtube.com/watch?v=r7coDzWSXzQ
ファンサ / 音ノ瀬らこ【歌枠切り抜き】,https://www.youtube.com/watch?v=xcLvf-qNcbc
ラヴィット / 音ノ瀬らこ【歌枠切り抜き】,https://www.youtube.com/watch?v=GBDMyeqkl6Y
花の塔 / 音ノ瀬らこ【歌枠切り抜き】,https://www.youtube.com/watch?v=s17irhyD3s4
ブリキノダンス / 音ノ瀬らこ【歌枠切り抜き】,https://www.youtube.com/watch?v=1_IP3eMEUvE
あの娘シークレット / 音ノ瀬らこ【歌枠切り抜き】,https://www.youtube.com/watch?v=LBJz1gbSqCE
コールボーイ / 音ノ瀬らこ【歌枠切り抜き】,https://www.youtube.com/watch?v=Swerk5Ux8nM
シャルル / 音ノ瀬らこ【歌枠切り抜き】,https://www.youtube.com/watch?v=JNW4bIAJ-Og
スーサイドパレヱド / 音ノ瀬らこ【歌枠切り抜き】,https://www.youtube.com/watch?v=yhtQcO7otYw
デイバイデイズ / 音ノ瀬らこ【歌枠切り抜き】,https://www.youtube.com/watch?v=S5Fi7AIv4a8
ハナタバ / 音ノ瀬らこ【歌枠切り抜き】,https://www.youtube.com/watch?v=zfcbpWE2iyM
ファタール / 音ノ瀬らこ【歌枠切り抜き】,https://www.youtube.com/watch?v=uQadixZW_cw
廃墟の国のアリス / 音ノ瀬らこ【歌枠切り抜き】,https://www.youtube.com/watch?v=7MZXm4ar4lo
プロポーズ / 音ノ瀬らこ【歌枠切り抜き】,https://www.youtube.com/watch?v=Yz0gmt4Mu40
ボッカデラベリタ / 音ノ瀬らこ【歌枠切り抜き】,https://www.youtube.com/watch?v=N24al32LJW4
砂の惑星 / 音ノ瀬らこ【歌枠切り抜き】,https://www.youtube.com/watch?v=Z1VYKtpU5tU
青と夏 / 音ノ瀬らこ【歌枠切り抜き】,https://www.youtube.com/watch?v=5VkRFgKnl7k
雨とカプチーノ / 音ノ瀬らこ【歌枠切り抜き】,https://www.youtube.com/watch?v=-KL33xt3n10
ベノム / 音ノ瀬らこ【歌枠切り抜き】,https://www.youtube.com/watch?v=dFn-bh-SPGI
ファタール / 音ノ瀬らこ【歌枠切り抜き】,https://www.youtube.com/watch?v=tKHWHS6MF6k
ずうっといっしょ！ / 音ノ瀬らこ【歌枠切り抜き】,https://www.youtube.com/watch?v=0MuwAh1xJ_k
カブトムシ / 音ノ瀬らこ【歌枠切り抜き】,https://www.youtube.com/watch?v=8CXxJeuZEz0
オトナブルー / 音ノ瀬らこ【歌枠切り抜き】,https://www.youtube.com/watch?v=xivppgPyQgM
プラネタリウム / 音ノ瀬らこ【歌枠切り抜き】,https://www.youtube.com/watch?v=gXm90hWTGdc
Mela! / 音ノ瀬らこ【歌枠切り抜き】,https://www.youtube.com/watch?v=dTtqUO2mAz8
トウキョウ・シャンディ・ランデヴ / 音ノ瀬らこ【歌枠切り抜き】,https://www.youtube.com/watch?v=PyFGs7BZGZg
トリセツ / 音ノ瀬らこ【歌枠切り抜き】,https://www.youtube.com/watch?v=CflQ90-JNGI
ファタール / 音ノ瀬らこ【歌枠切り抜き】,https://www.youtube.com/watch?v=aD9gZA9CQjI
フォニイ / 音ノ瀬らこ【歌枠切り抜き】,https://www.youtube.com/watch?v=63Q_iTz85nQ
ブルーバード / 音ノ瀬らこ【歌枠切り抜き】,https://www.youtube.com/watch?v=k15gfXUyhxA
花の塔 / 音ノ瀬らこ【歌枠切り抜き】,https://www.youtube.com/watch?v=Oik9JE6hboA
高嶺の花子さん / 音ノ瀬らこ【歌枠切り抜き】,https://www.youtube.com/watch?v=yRIJq989QlM
群青 / 音ノ瀬らこ【歌枠切り抜き】,https://www.youtube.com/watch?v=z5MqWubD_8s
God Knows… / 音ノ瀬らこ【歌枠切り抜き】,https://www.youtube.com/watch?v=O8b4Sd8-zR0
アイノカタチ / 音ノ瀬らこ【歌枠切り抜き】,https://www.youtube.com/watch?v=wtz_8pG2vKk
アイロニ / 音ノ瀬らこ【歌枠切り抜き】,https://www.youtube.com/watch?v=0KVeWxtDCtE
アタシは問題作 / 音ノ瀬らこ【歌枠切り抜き】,https://www.youtube.com/watch?v=DF0WNPzzuaw
だから僕は音楽を辞めた / 音ノ瀬らこ【歌枠切り抜き】,https://www.youtube.com/watch?v=rTPLm__EIrg
メーベル / 音ノ瀬らこ【歌枠切り抜き】,https://www.youtube.com/watch?v=a7toc0K6KDo
レディメイド / 音ノ瀬らこ【歌枠切り抜き】,https://www.youtube.com/watch?v=gSEzfyhInwA
心拍数♯0822 / 音ノ瀬らこ【歌枠切り抜き】,https://www.youtube.com/watch?v=nCjSmwL47mQ
ワールドイズマイン / 音ノ瀬らこ【歌枠切り抜き】,https://www.youtube.com/watch?v=rskIFm530qs
可愛くてごめん / 音ノ瀬らこ【歌枠切り抜き】,https://www.youtube.com/watch?v=6yVajdK8h3s
夜明けと蛍 / 音ノ瀬らこ【歌枠切り抜き】,https://www.youtube.com/watch?v=uY8RCb4Rymg
幽霊東京 / 音ノ瀬らこ【歌枠切り抜き】,https://www.youtube.com/watch?v=gSEdQz5S4ac
魔法の絨毯 / 音ノ瀬らこ【歌枠切り抜き】,https://www.youtube.com/watch?v=3mJFclhhOpw
1925 / 音ノ瀬らこ【歌枠切り抜き】,https://www.youtube.com/watch?v=O1cApVKzUYU
UNDEAD / 音ノ瀬らこ【歌枠切り抜き】,https://www.youtube.com/watch?v=JWK0VhAPeRE
ド屑 / 音ノ瀬らこ【歌枠切り抜き】,https://www.youtube.com/watch?v=gbFjGj5MQGg
ヴァンパイア / 音ノ瀬らこ【歌枠切り抜き】,https://www.youtube.com/watch?v=o4g82LXkymg
CITRUS / 音ノ瀬らこ【歌枠切り抜き】,https://www.youtube.com/watch?v=xjhdmu6-mtw
あなたの夜が明けるまで / 音ノ瀬らこ【歌枠切り抜き】,https://www.youtube.com/watch?v=_pRrHIKZj70
くらべられっ子 / 音ノ瀬らこ【歌枠切り抜き】,https://www.youtube.com/watch?v=UuA0K75dNjM
バレリーコ / 音ノ瀬らこ【歌枠切り抜き】,https://www.youtube.com/watch?v=c8WZst5t6Ms
夜明けと蛍 / 音ノ瀬らこ【歌枠切り抜き】,https://www.youtube.com/watch?v=IGm38oU7B8s
悪魔の子 / 音ノ瀬らこ【歌枠切り抜き】,https://www.youtube.com/watch?v=dPHevWMR7FA
誇り高きアイドル / 音ノ瀬らこ【歌枠切り抜き】,https://www.youtube.com/watch?v=QvI13LQAWMU
Stellar Stellar / 音ノ瀬らこ【歌枠切り抜き】,https://www.youtube.com/watch?v=39_Tt6349oI
UNDEAD / 音ノ瀬らこ【歌枠切り抜き】,https://www.youtube.com/watch?v=L-qiNBJ8chY
ヴァンパイア / 音ノ瀬らこ【歌枠切り抜き】,https://www.youtube.com/watch?v=XyABwzoxd0E
テオ / 音ノ瀬らこ【歌枠切り抜き】,https://www.youtube.com/watch?v=lhBLn0YiJGg
ハオ / 音ノ瀬らこ【歌枠切り抜き】,https://www.youtube.com/watch?v=2ucZVHFQAMg
ファンサ / 音ノ瀬らこ【歌枠切り抜き】,https://www.youtube.com/watch?v=8fXHEC3ZWd8
ラヴィット / 音ノ瀬らこ【歌枠切り抜き】,https://www.youtube.com/watch?v=-J-60ohQ5wo
ルーザーガール / 音ノ瀬らこ【歌枠切り抜き】,https://www.youtube.com/watch?v=flJSCGRT9kA
春泥棒 / 音ノ瀬らこ【歌枠切り抜き】,https://www.youtube.com/watch?v=bPBrZtf5-Zk
踊 / 音ノ瀬らこ【歌枠切り抜き】,https://www.youtube.com/watch?v=ttDl0fdnkBc
転生林檎 / 音ノ瀬らこ【歌枠切り抜き】,https://www.youtube.com/watch?v=Tz0gKeVQkw8
UNDEAD / 音ノ瀬らこ【歌枠切り抜き】,https://www.youtube.com/watch?v=sIWbP7qnp1M
ドーナツホール / 音ノ瀬らこ【歌枠切り抜き】,https://www.youtube.com/watch?v=jgiRLMB99zY
ピースサイン / 音ノ瀬らこ【歌枠切り抜き】,https://www.youtube.com/watch?v=tMkA7jfABwE
青と夏 / 音ノ瀬らこ【歌枠切り抜き】,https://www.youtube.com/watch?v=1htU5XhANS4
鬼ノ宴 / 音ノ瀬らこ【歌枠切り抜き】,https://www.youtube.com/watch?v=twoV4iVbImY
ロウワー / 音ノ瀬らこ【歌枠切り抜き】,https://www.youtube.com/watch?v=_mvs4Nt4SSA
少女レイ / 音ノ瀬らこ【歌枠切り抜き】,https://www.youtube.com/watch?v=13jXwpkfoeg
春泥棒 / 音ノ瀬らこ【歌枠切り抜き】,https://www.youtube.com/watch?v=7KhjYnvzsHE
唱 / 音ノ瀬らこ【歌枠切り抜き】,https://www.youtube.com/watch?v=54ipECuFrEE
絶頂讃歌 / 音ノ瀬らこ【歌枠切り抜き】,https://www.youtube.com/watch?v=h3PoRTGBV2E
UNDEAD / 音ノ瀬らこ【歌枠切り抜き】,https://www.youtube.com/watch?v=0bw86l0cLw4
ヴァンパイア / 音ノ瀬らこ【歌枠切り抜き】,https://www.youtube.com/watch?v=iziChs8KzbU
フォニイ / 音ノ瀬らこ【歌枠切り抜き】,https://www.youtube.com/watch?v=lvbbqPoObEU
心という名の不可解 / 音ノ瀬らこ【歌枠切り抜き】,https://www.youtube.com/watch?v=Lo9mA5ge3Gs
君の知らない物語 / 音ノ瀬らこ【歌枠切り抜き】,https://www.youtube.com/watch?v=0aWpFR3K3Cg
Bunny Girl / 音ノ瀬らこ【歌枠切り抜き】,https://www.youtube.com/watch?v=4d_7g5GY_d8
POP IN 2 / 音ノ瀬らこ【歌枠切り抜き】,https://www.youtube.com/watch?v=04zhy1WuiKc
Tot Musica / 音ノ瀬らこ【歌枠切り抜き】,https://www.youtube.com/watch?v=MAB6CJef1JM
UNDEAD / 音ノ瀬らこ【歌枠切り抜き】,https://www.youtube.com/watch?v=iBmYpdpK54M
アタシは問題作 / 音ノ瀬らこ【歌枠切り抜き】,https://www.youtube.com/watch?v=rHXsLZuo7NY
シカ色デイズ / 音ノ瀬らこ【歌枠切り抜き】,https://www.youtube.com/watch?v=4viprp5dWsw
ずうっといっしょ！ / 音ノ瀬らこ【歌枠切り抜き】,https://www.youtube.com/watch?v=4GyrfxgPagM
ドーナツホール / 音ノ瀬らこ【歌枠切り抜き】,https://www.youtube.com/watch?v=mS_YQ9FFRI8
バレリーコ / 音ノ瀬らこ【歌枠切り抜き】,https://www.youtube.com/watch?v=_6XyByQVvfs
ファタール / 音ノ瀬らこ【歌枠切り抜き】,https://www.youtube.com/watch?v=IZ9DAXuEEZM
ブルーバード / 音ノ瀬らこ【歌枠切り抜き】,https://www.youtube.com/watch?v=A6n5YdQ6vKY
ロウワー / 音ノ瀬らこ【歌枠切り抜き】,https://www.youtube.com/watch?v=J6u-mcYxbA4
ロストワンの号哭 / 音ノ瀬らこ【歌枠切り抜き】,https://www.youtube.com/watch?v=INzz1abxFjg
ロミオとシンデレラ / 音ノ瀬らこ【歌枠切り抜き】,https://www.youtube.com/watch?v=tWPFC0jHXkY
愛包ダンスホール / 音ノ瀬らこ【歌枠切り抜き】,https://www.youtube.com/watch?v=zkMdRk32xMQ
CH4NGE / 音ノ瀬らこ【歌枠切り抜き】,https://www.youtube.com/watch?v=XgoJwXC3pkc
オーバーライド / 音ノ瀬らこ【歌枠切り抜き】,https://www.youtube.com/watch?v=1_aJf8S3Oog
ずうっといっしょ！ / 音ノ瀬らこ【歌枠切り抜き】,https://www.youtube.com/watch?v=-s870kgx2Uw
テオ / 音ノ瀬らこ【歌枠切り抜き】,https://www.youtube.com/watch?v=i4JUQqNGJ8I
ビースト・ダンス / 音ノ瀬らこ【歌枠切り抜き】,https://www.youtube.com/watch?v=B0BCCLJIWvA
メンタルチェンソー / 音ノ瀬らこ【歌枠切り抜き】,https://www.youtube.com/watch?v=aRDmGADcfGU
小悪魔だってかまわない！ / 音ノ瀬らこ【歌枠切り抜き】,https://www.youtube.com/watch?v=P20Npr3bYO0
可愛くなりたい / 音ノ瀬らこ【歌枠切り抜き】,https://www.youtube.com/watch?v=mbHWgygEFAA
狂乱 Hey Kids!! / 音ノ瀬らこ【歌枠切り抜き】,https://www.youtube.com/watch?v=kOKNT6293JM
366日 / 音ノ瀬らこ【歌枠切り抜き】,https://www.youtube.com/watch?v=pGmgehkWokY
POP IN 2 / 音ノ瀬らこ【歌枠切り抜き】,https://www.youtube.com/watch?v=oATugLhvyCk
UNDEAD / 音ノ瀬らこ【歌枠切り抜き】,https://www.youtube.com/watch?v=hu-dCFT64ko
アイネクライネ / 音ノ瀬らこ【歌枠切り抜き】,https://www.youtube.com/watch?v=OjiKGEL4vwc
カブトムシ / 音ノ瀬らこ【歌枠切り抜き】,https://www.youtube.com/watch?v=rVWjA26LZaQ
フォニイ / 音ノ瀬らこ【歌枠切り抜き】,https://www.youtube.com/watch?v=9js9SE3NwA0
ボッカデラベリタ / 音ノ瀬らこ【歌枠切り抜き】,https://www.youtube.com/watch?v=6oevl0cExJg
小さな恋のうた / 音ノ瀬らこ【歌枠切り抜き】,https://www.youtube.com/watch?v=Cfa0ccccRG4
夜明けと蛍 / 音ノ瀬らこ【歌枠切り抜き】,https://www.youtube.com/watch?v=00KkrumsWVI
藍二乗 / 音ノ瀬らこ【歌枠切り抜き】,https://www.youtube.com/watch?v=-3OKjVD2DrI
366日 / 音ノ瀬らこ【歌枠切り抜き】,https://www.youtube.com/watch?v=LkFTgpepyLE
Bunny Girl / 音ノ瀬らこ【歌枠切り抜き】,https://www.youtube.com/watch?v=TzIlYtmO18U
Snow halation / 音ノ瀬らこ【歌枠切り抜き】,https://www.youtube.com/watch?v=pFPMXggp8Rg
クリスマスソング / 音ノ瀬らこ【歌枠切り抜き】,https://www.youtube.com/watch?v=iz32oitZ8jk
夜明けと蛍 / 音ノ瀬らこ【歌枠切り抜き】,https://www.youtube.com/watch?v=rPLB0ilYno8
花の塔 / 音ノ瀬らこ【歌枠切り抜き】,https://www.youtube.com/watch?v=NzG5-grtI8o
粉雪 / 音ノ瀬らこ【歌枠切り抜き】,https://www.youtube.com/watch?v=j-w0Dj2aLac
絶頂讃歌 / 音ノ瀬らこ【歌枠切り抜き】,https://www.youtube.com/watch?v=M-sTrYXHwk8
鬼ノ宴 / 音ノ瀬らこ【歌枠切り抜き】,https://www.youtube.com/watch?v=tBpdbGoYOhg
Bunny Girl / 音ノ瀬らこ【歌枠切り抜き】,https://www.youtube.com/watch?v=rQaLFRJjG68
UNDEAD / 音ノ瀬らこ【歌枠切り抜き】,https://www.youtube.com/watch?v=j0UTX7I_Xrg
あなたの夜が明けるまで / 音ノ瀬らこ【歌枠切り抜き】,https://www.youtube.com/watch?v=W3Fr-zAhuro
シニカルナイトプラン / 音ノ瀬らこ【歌枠切り抜き】,https://www.youtube.com/watch?v=5mMWPHuuYQI
それがあなたの幸せとしても / 音ノ瀬らこ【歌枠切り抜き】,https://www.youtube.com/watch?v=m3rEQcaOw-k
ハロ／ハワユ / 音ノ瀬らこ【歌枠切り抜き】,https://www.youtube.com/watch?v=zHENryzMG7I
モニタリング / 音ノ瀬らこ【歌枠切り抜き】,https://www.youtube.com/watch?v=RoJjwZ8pDUU
ロミオとシンデレラ / 音ノ瀬らこ【歌枠切り抜き】,https://www.youtube.com/watch?v=eUxET1wSxNI
夜に駆ける / 音ノ瀬らこ【歌枠切り抜き】,https://www.youtube.com/watch?v=7eT2Zvjp-wY
夜明けと蛍 / 音ノ瀬らこ【歌枠切り抜き】,https://www.youtube.com/watch?v=o9KjbdtZsek
花瓶に触れた / 音ノ瀬らこ【歌枠切り抜き】,https://www.youtube.com/watch?v=wnb1FRGwa9k
青と夏 / 音ノ瀬らこ【歌枠切り抜き】,https://www.youtube.com/watch?v=IPC-olDMT5g
幽霊東京 / 音ノ瀬らこ【歌枠切り抜き】,https://www.youtube.com/watch?v=I29mxqM4Vhc
砂の惑星 / 音ノ瀬らこ【歌枠切り抜き】,https://www.youtube.com/watch?v=cEpl73QApU0
鬼ノ宴 / 音ノ瀬らこ【歌枠切り抜き】,https://www.youtube.com/watch?v=Sxjm-fWPfkk
曖昧劣情Lover / 音ノ瀬らこ【歌枠切り抜き】,https://www.youtube.com/watch?v=w8BT3Z_n9ac
勇者【通常ver. 】 / 音ノ瀬らこ【歌枠切り抜き】,https://www.youtube.com/watch?v=qEfPAiyqm4s
勇者【段々キーが上がる－4~＋12】 / 音ノ瀬らこ【歌枠切り抜き】,https://www.youtube.com/watch?v=1V8ZvmuQAyw
Bunny Girl【通常ver. 】 / 音ノ瀬らこ【歌枠切り抜き】,https://www.youtube.com/watch?v=MvxgvqPwv84
Bunny Girl【歌い手グループ】 / 音ノ瀬らこ【歌枠切り抜き】,https://www.youtube.com/watch?v=1qgU0NOJJw8
POP IN 2【通常ver. 】 / 音ノ瀬らこ【歌枠切り抜き】,https://www.youtube.com/watch?v=4PRW4j9TER4
POP IN 2【歌い手グループ】 / 音ノ瀬らこ【歌枠切り抜き】,https://www.youtube.com/watch?v=SCM4hgkGshI
UNDEAD【キー上げ下げ】 / 音ノ瀬らこ【歌枠切り抜き】,https://www.youtube.com/watch?v=tPQ1z-aoFd0
UNDEAD【通常ver. 】 / 音ノ瀬らこ【歌枠切り抜き】,https://www.youtube.com/watch?v=_lCMQEu2vu4
アスノヨゾラ哨戒班【段々キーが上がる－4~＋10】 / 音ノ瀬らこ【歌枠切り抜き】,https://www.youtube.com/watch?v=ShxQzAUBwtk
フォニイ【通常ver. 】 / 音ノ瀬らこ【歌枠切り抜き】,https://www.youtube.com/watch?v=9UMBCcOrvPQ
フォニイ【歌い手グループ】 / 音ノ瀬らこ【歌枠切り抜き】,https://www.youtube.com/watch?v=wqK6HqGvg5o
モニタリング【通常ver. 】 / 音ノ瀬らこ【歌枠切り抜き】,https://www.youtube.com/watch?v=kgZ0ADSX7lc
デイバイデイズ / 音ノ瀬らこ【歌枠切り抜き】,https://www.youtube.com/watch?v=52CCxCRyANw
デモーニッシュ / 音ノ瀬らこ【歌枠切り抜き】,https://www.youtube.com/watch?v=JZxQcgthiaw
贖罪 / 音ノ瀬らこ【歌枠切り抜き】,https://www.youtube.com/watch?v=dTkPPXxaYuM
POP IN 2 / 音ノ瀬らこ【歌枠切り抜き】,https://www.youtube.com/watch?v=a4IbSEkyiSA
UNDEAD / 音ノ瀬らこ【歌枠切り抜き】,https://www.youtube.com/watch?v=Dt1q1HrYcow
アスノヨゾラ哨戒班 / 音ノ瀬らこ【歌枠切り抜き】,https://www.youtube.com/watch?v=IBq4AuvlAu4
シャルル / 音ノ瀬らこ【歌枠切り抜き】,https://www.youtube.com/watch?v=UsBRoZ5cNvM
モニタリング / 音ノ瀬らこ【歌枠切り抜き】,https://www.youtube.com/watch?v=LNTzVxE7aZw
花の塔 / 音ノ瀬らこ【歌枠切り抜き】,https://www.youtube.com/watch?v=BKkIqUbB3w8
レディメイド / 音ノ瀬らこ【歌枠切り抜き】,https://www.youtube.com/watch?v=3Q8Xt6wVa9Y
春泥棒 / 音ノ瀬らこ【歌枠切り抜き】,https://www.youtube.com/watch?v=bjuJXzGAD0E
悪魔の子 / 音ノ瀬らこ【歌枠切り抜き】,https://www.youtube.com/watch?v=dTWT75isOh8
ローリンガール / 音ノ瀬らこ【歌枠切り抜き】,https://www.youtube.com/watch?v=jnzyLCZJv_U
天ノ弱 / 音ノ瀬らこ【歌枠切り抜き】,https://www.youtube.com/watch?v=mTuAFM1EMfc
失敗作少女 / 音ノ瀬らこ【歌枠切り抜き】,https://www.youtube.com/watch?v=8aRX5NVmk5w
再教育 / 音ノ瀬らこ【歌枠切り抜き】,https://www.youtube.com/watch?v=NSmfi50Y6JY
妄想税 / 音ノ瀬らこ【歌枠切り抜き】,https://www.youtube.com/watch?v=2mTzrwz5WGc
音偽バナシ / 音ノ瀬らこ【歌枠切り抜き】,https://www.youtube.com/watch?v=ZxA-8vnGjvw
インタビュア / 音ノ瀬らこ【歌枠切り抜き】,https://www.youtube.com/watch?v=_W7HJbJQQm0
ケッペキショウ / 音ノ瀬らこ【歌枠切り抜き】,https://www.youtube.com/watch?v=iqoWmyYWm1s
こちら、幸福安心委員会です。 / 音ノ瀬らこ【歌枠切り抜き】,https://www.youtube.com/watch?v=pUyONLZQZLI
サマータイムレコード / 音ノ瀬らこ【歌枠切り抜き】,https://www.youtube.com/watch?v=2X7rO2TMrxA
スキスキ絶頂症 / 音ノ瀬らこ【歌枠切り抜き】,https://www.youtube.com/watch?v=fyNXPrMsXG0
チェチェッ・チェック・ワンツー！ / 音ノ瀬らこ【歌枠切り抜き】,https://www.youtube.com/watch?v=CbgDAhMBlfg
ピエロ / 音ノ瀬らこ【歌枠切り抜き】,https://www.youtube.com/watch?v=xJjt7hOkkgU
ヒビカセ / 音ノ瀬らこ【歌枠切り抜き】,https://www.youtube.com/watch?v=kQv01C0oWAM
メリュー / 音ノ瀬らこ【歌枠切り抜き】,https://www.youtube.com/watch?v=yPLkeVd05kc
夏恋花火 / 音ノ瀬らこ【歌枠切り抜き】,https://www.youtube.com/watch?v=DU_N9lqtK5Y
家に帰ると妻が必ず死んだふりをしています / 音ノ瀬らこ【歌枠切り抜き】,https://www.youtube.com/watch?v=cQtTKR27vQw
繰り返し一粒 / 音ノ瀬らこ【歌枠切り抜き】,https://www.youtube.com/watch?v=DSYWHNvc7JI
CITRUS / 音ノ瀬らこ【歌枠切り抜き】,https://www.youtube.com/watch?v=ukKwfsq3hT8
藍二乗 / 音ノ瀬らこ【歌枠切り抜き】,https://www.youtube.com/watch?v=2z9l1NVSVig
YELL / 音ノ瀬らこ【歌枠切り抜き】,https://www.youtube.com/watch?v=028j8kZvBDc
アンノウン・マザーグース / 音ノ瀬らこ【歌枠切り抜き】,https://www.youtube.com/watch?v=JvP53sgVlEs
ずうっといっしょ！ / 音ノ瀬らこ【歌枠切り抜き】,https://www.youtube.com/watch?v=ED7l_1dtN9M
それがあなたの幸せとしても / 音ノ瀬らこ【歌枠切り抜き】,https://www.youtube.com/watch?v=0R5CNFi5XLA
ドーナツホール / 音ノ瀬らこ【歌枠切り抜き】,https://www.youtube.com/watch?v=9ysa3E3G63c
モニタリング / 音ノ瀬らこ【歌枠切り抜き】,https://www.youtube.com/watch?v=xa14xQw-cJQ
わたしのアール / 音ノ瀬らこ【歌枠切り抜き】,https://www.youtube.com/watch?v=oATF8TqhFJI
心拍数♯0822 / 音ノ瀬らこ【歌枠切り抜き】,https://www.youtube.com/watch?v=G6d9Fd9_tbY
永遠のあくる日 / 音ノ瀬らこ【歌枠切り抜き】,https://www.youtube.com/watch?v=HeuMs0v0HGA
怪獣の花唄 / 音ノ瀬らこ【歌枠切り抜き】,https://www.youtube.com/watch?v=-6RWXMtZW_I
雨とカプチーノ / 音ノ瀬らこ【歌枠切り抜き】,https://www.youtube.com/watch?v=KwYfnkk13mA
絶頂讃歌 / 音ノ瀬らこ【歌枠切り抜き】,https://www.youtube.com/watch?v=CYpvhnwneyE
心做し / 音ノ瀬らこ【歌枠切り抜き】,https://www.youtube.com/watch?v=cfj0zw1s1eU
Stellar Stellar / 音ノ瀬らこ【歌枠切り抜き】,https://www.youtube.com/watch?v=GS6FgyDkGUU
ずうっといっしょ！ / 音ノ瀬らこ【歌枠切り抜き】,https://www.youtube.com/watch?v=XMFAMDHUZNI
だから僕は音楽を辞めた / 音ノ瀬らこ【歌枠切り抜き】,https://www.youtube.com/watch?v=0vm90WqOQ1U
たばこ / 音ノ瀬らこ【歌枠切り抜き】,https://www.youtube.com/watch?v=HC61azHG6Ps
ドライフラワー / 音ノ瀬らこ【歌枠切り抜き】,https://www.youtube.com/watch?v=_fqG30E0iRg
ハロ／ハワユ / 音ノ瀬らこ【歌枠切り抜き】,https://www.youtube.com/watch?v=jEBEfMCGKAw
ヒッチコック / 音ノ瀬らこ【歌枠切り抜き】,https://www.youtube.com/watch?v=5mqU51m0Cmc
心拍数♯0822 / 音ノ瀬らこ【歌枠切り抜き】,https://www.youtube.com/watch?v=1eSAlnqIZb4
モニタリング / 音ノ瀬らこ【歌枠切り抜き】,https://www.youtube.com/watch?v=bOecdbOwbzs
夜明けと蛍 / 音ノ瀬らこ【歌枠切り抜き】,https://www.youtube.com/watch?v=73RZ9mvdF74
明日への手紙 / 音ノ瀬らこ【歌枠切り抜き】,https://www.youtube.com/watch?v=jhefreCEm6U
あなたの夜が明けるまで / 音ノ瀬らこ【歌枠切り抜き】,https://www.youtube.com/watch?v=1TBrkh6UEGE
からくりピエロ / 音ノ瀬らこ【歌枠切り抜き】,https://www.youtube.com/watch?v=K5Vis28lkvk
シンデレラボーイ / 音ノ瀬らこ【歌枠切り抜き】,https://www.youtube.com/watch?v=68Lt34ychR4
贖罪 / 音ノ瀬らこ【歌枠切り抜き】,https://www.youtube.com/watch?v=vSceS048Wq8
花の塔 / 音ノ瀬らこ【歌枠切り抜き】,https://www.youtube.com/watch?v=7RiMYsV6mRY
春泥棒 / 音ノ瀬らこ【歌枠切り抜き】,https://www.youtube.com/watch?v=vMztB9_cQJ8
晩餐歌 / 音ノ瀬らこ【歌枠切り抜き】,https://www.youtube.com/watch?v=_ksRgkHby-k
愛して愛して愛して / 音ノ瀬らこ【歌枠切り抜き】,https://www.youtube.com/watch?v=cr-1QNSRcZA
魔法の絨毯 / 音ノ瀬らこ【歌枠切り抜き】,https://www.youtube.com/watch?v=AkgPGbSd4qs
愛を伝えたいだとか / 音ノ瀬らこ【歌枠切り抜き】,https://www.youtube.com/watch?v=15psjsMiqL8
UNDEAD / 音ノ瀬らこ【歌枠切り抜き】,https://www.youtube.com/watch?v=nGGQ7SzSXrI
いかないで / 音ノ瀬らこ【歌枠切り抜き】,https://www.youtube.com/watch?v=7bRgJxcvN5Y
シャルル / 音ノ瀬らこ【歌枠切り抜き】,https://www.youtube.com/watch?v=hfKMYUm-uTE
ロミオとシンデレラ / 音ノ瀬らこ【歌枠切り抜き】,https://www.youtube.com/watch?v=joLhy3cccbw
君はロックを聴かない / 音ノ瀬らこ【歌枠切り抜き】,https://www.youtube.com/watch?v=5VA3pUhL1O8
抜錨 / 音ノ瀬らこ【歌枠切り抜き】,https://www.youtube.com/watch?v=isXalcosYLg
言って。 / 音ノ瀬らこ【歌枠切り抜き】,https://www.youtube.com/watch?v=7JyVlpqj2KY
夜明けと蛍 / 音ノ瀬らこ【歌枠切り抜き】,https://www.youtube.com/watch?v=l0PfpvlATvk
砂の惑星 / 音ノ瀬らこ【歌枠切り抜き】,https://www.youtube.com/watch?v=xapD3mIGI5M
秒針を噛む / 音ノ瀬らこ【歌枠切り抜き】,https://www.youtube.com/watch?v=yVrf4P4x3Dc
UNDEAD / 音ノ瀬らこ【歌枠切り抜き】,https://www.youtube.com/watch?v=vygMd6x1BtQ
ウミユリ海底譚 / 音ノ瀬らこ【歌枠切り抜き】,https://www.youtube.com/watch?v=NbPUpWaKL2Q
ロストワンの号哭 / 音ノ瀬らこ【歌枠切り抜き】,https://www.youtube.com/watch?v=ABWiOX8NRic
春泥棒 / 音ノ瀬らこ【歌枠切り抜き】,https://www.youtube.com/watch?v=LPJN8tT9-Lk
からくりピエロ / 音ノ瀬らこ【歌枠切り抜き】,https://www.youtube.com/watch?v=rPj8dUDP1SQ
ヒッチコック / 音ノ瀬らこ【歌枠切り抜き】,https://www.youtube.com/watch?v=cTobeQZxtfs
六兆年と一夜物語 / 音ノ瀬らこ【歌枠切り抜き】,https://www.youtube.com/watch?v=eZbmysLL9zU
抜錨 / 音ノ瀬らこ【歌枠切り抜き】,https://www.youtube.com/watch?v=OIT_bdDIR3o
私は最強 / 音ノ瀬らこ【歌枠切り抜き】,https://www.youtube.com/watch?v=QSAN-75tHf4
夜明けと蛍 / 音ノ瀬らこ【歌枠切り抜き】,https://www.youtube.com/watch?v=IGsHP4f-89E
花の塔 / 音ノ瀬らこ【歌枠切り抜き】,https://www.youtube.com/watch?v=MTkQ7P6irVY
秒針を噛む / 音ノ瀬らこ【歌枠切り抜き】,https://www.youtube.com/watch?v=raiUL34Hcbg
神っぽいな / 音ノ瀬らこ【歌枠切り抜き】,https://www.youtube.com/watch?v=zHZej95QzP0
脳裏上のクラッカー / 音ノ瀬らこ【歌枠切り抜き】,https://www.youtube.com/watch?v=uCjghsObkE0
【アカペラバラード】 君の為のキミノウタ / 音ノ瀬らこ【歌枠切り抜き】,https://www.youtube.com/watch?v=zZNEoahvu-k
【アカペラバラード】 君の為のキミノウタ / 音ノ瀬らこ【歌枠切り抜き】,https://www.youtube.com/watch?v=GX5-cQFFqFs
【アカペラバラード】15歳の主張 / 音ノ瀬らこ【歌枠切り抜き】,https://www.youtube.com/watch?v=Hu1Due3JL3o
【アカペラバラード】Dear.  Mr「F」 / 音ノ瀬らこ【歌枠切り抜き】,https://www.youtube.com/watch?v=2EDyjk0TFVs
【アカペラバラード】あなたの夜が明けるまで / 音ノ瀬らこ【歌枠切り抜き】,https://www.youtube.com/watch?v=olEeHIjaljk
【アカペラバラード】クライヤ / 音ノ瀬らこ【歌枠切り抜き】,https://www.youtube.com/watch?v=ocoAx2HsUwI
【アカペラバラード】テトリス / 音ノ瀬らこ【歌枠切り抜き】,https://www.youtube.com/watch?v=m07eKHaZKyE
【アカペラバラード】ドーナツホール / 音ノ瀬らこ【歌枠切り抜き】,https://www.youtube.com/watch?v=C_xGhXunr-w
【アカペラバラード】メズマライザー / 音ノ瀬らこ【歌枠切り抜き】,https://www.youtube.com/watch?v=ov0AOLMzV0M
【アカペラバラード】モニタリング / 音ノ瀬らこ【歌枠切り抜き】,https://www.youtube.com/watch?v=xDJ1vjvrS90
【アカペラバラード】人工呼吸 / 音ノ瀬らこ【歌枠切り抜き】,https://www.youtube.com/watch?v=4m1ogSeMr4M
【アカペラバラード】天ノ弱 / 音ノ瀬らこ【歌枠切り抜き】,https://www.youtube.com/watch?v=6PtkYa1teD4
【アカペラバラード】心做し / 音ノ瀬らこ【歌枠切り抜き】,https://www.youtube.com/watch?v=pLVsvl0so0I
【アカペラバラード】生きる / 音ノ瀬らこ【歌枠切り抜き】,https://www.youtube.com/watch?v=mhSE79rVECQ
【アカペラバラード】声 / 音ノ瀬らこ【歌枠切り抜き】,https://www.youtube.com/watch?v=WEd0n1qz754
【アカペラバラード】夜明けと蛍 / 音ノ瀬らこ【歌枠切り抜き】,https://www.youtube.com/watch?v=OJ9JEx285sU
【アカペラバラード】夜明けと蛍 / 音ノ瀬らこ【歌枠切り抜き】,https://www.youtube.com/watch?v=qKcdJy6FOgg
【アカペラバラード】波に名前をつけること、僕らの呼吸に終わりがあること。 / 音ノ瀬らこ【歌枠切り抜き】,https://www.youtube.com/watch?v=PyS3nIUXsoE
【アカペラバラード】深海少女 / 音ノ瀬らこ【歌枠切り抜き】,https://www.youtube.com/watch?v=h8ZvAxqzfB4
【アカペラバラード】晩餐歌 / 音ノ瀬らこ【歌枠切り抜き】,https://www.youtube.com/watch?v=o20f9JR2gJI
【アカペラバラード】僕が夢を捨てて大人になるまで / 音ノ瀬らこ【歌枠切り抜き】,https://www.youtube.com/watch?v=hQ3OCI4cHk0
魔法少女とチョコレゐト / 音ノ瀬らこ【歌枠切り抜き】,https://www.youtube.com/watch?v=OlOJcFZzwNU
フォニイ / 音ノ瀬らこ【歌枠切り抜き】,https://www.youtube.com/watch?v=y1v51R3kX6Y
ロウワー / 音ノ瀬らこ【歌枠切り抜き】,https://www.youtube.com/watch?v=0DaTmC3Br6c
夜明けと蛍 / 音ノ瀬らこ【歌枠切り抜き】,https://www.youtube.com/watch?v=7tyCU1ngRzY
地球最後の告白を / 音ノ瀬らこ【歌枠切り抜き】,https://www.youtube.com/watch?v=H_T2Aa7Yeow
砂の惑星 / 音ノ瀬らこ【歌枠切り抜き】,https://www.youtube.com/watch?v=OmnkDQNFc0I
秒針を噛む / 音ノ瀬らこ【歌枠切り抜き】,https://www.youtube.com/watch?v=Q3VF8Osed-0
転生林檎 / 音ノ瀬らこ【歌枠切り抜き】,https://www.youtube.com/watch?v=0GUyPE0cCNI
踊 / 音ノ瀬らこ【歌枠切り抜き】,https://www.youtube.com/watch?v=_YTQ9yCqtzc
藍二乗 / 音ノ瀬らこ【歌枠切り抜き】,https://www.youtube.com/watch?v=5KTzcePpE_k
悪魔の子 / 音ノ瀬らこ【歌枠切り抜き】,https://www.youtube.com/watch?v=W1w04P1vOQ4
Tot Musica / 音ノ瀬らこ【歌枠切り抜き】,https://www.youtube.com/watch?v=SPwBBfrtDaM
ヴァンパイア / 音ノ瀬らこ【歌枠切り抜き】,https://www.youtube.com/watch?v=rtlRU86Rb1k
からくりピエロ / 音ノ瀬らこ【歌枠切り抜き】,https://www.youtube.com/watch?v=hJMBWR9AGEU
カワキヲアメク / 音ノ瀬らこ【歌枠切り抜き】,https://www.youtube.com/watch?v=rUvz_wY5cno
ドーナツホール / 音ノ瀬らこ【歌枠切り抜き】,https://www.youtube.com/watch?v=ILk53yEoH9I
メフィスト / 音ノ瀬らこ【歌枠切り抜き】,https://www.youtube.com/watch?v=m8sbwH9abgw
レディメイド / 音ノ瀬らこ【歌枠切り抜き】,https://www.youtube.com/watch?v=9qftWOEUgsQ
ロウワー / 音ノ瀬らこ【歌枠切り抜き】,https://www.youtube.com/watch?v=I-xD6LwOZq8
阿修羅ちゃん / 音ノ瀬らこ【歌枠切り抜き】,https://www.youtube.com/watch?v=m2HVWUgkNjw
残響散歌 / 音ノ瀬らこ【歌枠切り抜き】,https://www.youtube.com/watch?v=IHB0-vDmUqo
藍二乗 / 音ノ瀬らこ【歌枠切り抜き】,https://www.youtube.com/watch?v=Fne9VetrzGo
Bunny Girl / 音ノ瀬らこ【歌枠切り抜き】,https://www.youtube.com/watch?v=vnSe9dy4ILo
POP IN 2 / 音ノ瀬らこ【歌枠切り抜き】,https://www.youtube.com/watch?v=c6vZA1ICfbo
シカ色デイズ / 音ノ瀬らこ【歌枠切り抜き】,https://www.youtube.com/watch?v=-1PYtiCtvJQ
シャルル / 音ノ瀬らこ【歌枠切り抜き】,https://www.youtube.com/watch?v=x_noU27lC6k
ハオ / 音ノ瀬らこ【歌枠切り抜き】,https://www.youtube.com/watch?v=16LbNnKXTCg
レディメイド / 音ノ瀬らこ【歌枠切り抜き】,https://www.youtube.com/watch?v=hv_dtdQieTw
怪物 / 音ノ瀬らこ【歌枠切り抜き】,https://www.youtube.com/watch?v=XavYjWMUpCI
拝啓、少年よ / 音ノ瀬らこ【歌枠切り抜き】,https://www.youtube.com/watch?v=CX3OWmeZg6c
DAYBREAK FRONTLINE / 音ノ瀬らこ【歌枠切り抜き】,https://www.youtube.com/watch?v=DQmcgNlZRBg
あなたの夜が明けるまで / 音ノ瀬らこ【歌枠切り抜き】,https://www.youtube.com/watch?v=n_Hif3MaaNU
ウミユリ海底譚 / 音ノ瀬らこ【歌枠切り抜き】,https://www.youtube.com/watch?v=DN7e7iKPdZ0
ただ君に晴れ / 音ノ瀬らこ【歌枠切り抜き】,https://www.youtube.com/watch?v=YA9wb9qBuDk
名前のない怪物 / 音ノ瀬らこ【歌枠切り抜き】,https://www.youtube.com/watch?v=6E5KSQCXJ9c
私は最強 / 音ノ瀬らこ【歌枠切り抜き】,https://www.youtube.com/watch?v=Ofs1XTh9dbk
弱虫モンブラン / 音ノ瀬らこ【歌枠切り抜き】,https://www.youtube.com/watch?v=bkqK0R0Maf4
魔法少女とチョコレゐト / 音ノ瀬らこ【歌枠切り抜き】,https://www.youtube.com/watch?v=bOHi1RTPn1E
夜明けと蛍 / 音ノ瀬らこ【歌枠切り抜き】,https://www.youtube.com/watch?v=BpTQlYXgu7o
Mela! / 音ノ瀬らこ【歌枠切り抜き】,https://www.youtube.com/watch?v=q7wfhG--SYs
夜明けと蛍 / 音ノ瀬らこ【歌枠切り抜き】,https://www.youtube.com/watch?v=bDgkTLmaBY8
抜錨 / 音ノ瀬らこ【歌枠切り抜き】,https://www.youtube.com/watch?v=26P8lFL4-O4
永遠のあくる日 / 音ノ瀬らこ【歌枠切り抜き】,https://www.youtube.com/watch?v=PZZA2Zcmy-Q
ハオ / 音ノ瀬らこ【歌枠切り抜き】,https://www.youtube.com/watch?v=4bKOeYfBfzI
残響散歌 / 音ノ瀬らこ【歌枠切り抜き】,https://www.youtube.com/watch?v=1zLxuffb8M0
祝福 / 音ノ瀬らこ【歌枠切り抜き】,https://www.youtube.com/watch?v=0nL12Ajw4pI
群青 / 音ノ瀬らこ【歌枠切り抜き】,https://www.youtube.com/watch?v=xhKZ9dipYCo
ロミオとシンデレラ / 音ノ瀬らこ【歌枠切り抜き】,https://www.youtube.com/watch?v=QvywrcJyq38
心という名の不可解 / 音ノ瀬らこ【歌枠切り抜き】,https://www.youtube.com/watch?v=SDsghcZ6qWA
名前のない怪物 / 音ノ瀬らこ【歌枠切り抜き】,https://www.youtube.com/watch?v=l3IhwTxAQ24
夜明けと蛍 / 音ノ瀬らこ【歌枠切り抜き】,https://www.youtube.com/watch?v=KthaUzW2Ib4
泥中に咲く / 音ノ瀬らこ【歌枠切り抜き】,https://www.youtube.com/watch?v=GVP7k-DDPF8
絶頂讃歌 / 音ノ瀬らこ【歌枠切り抜き】,https://www.youtube.com/watch?v=VwXsdgdTrOI
愛包ダンスホール / 音ノ瀬らこ【歌枠切り抜き】,https://www.youtube.com/watch?v=V6X4cVll7Ug
115万キロのフィルム / 音ノ瀬らこ【歌枠切り抜き】,https://www.youtube.com/watch?v=DU2u41pJ9OA
Calc. / 音ノ瀬らこ【歌枠切り抜き】,https://www.youtube.com/watch?v=FD4TRtUmcY8
Henceforth / 音ノ瀬らこ【歌枠切り抜き】,https://www.youtube.com/watch?v=PEJE3ovjcNw
Stellar Stellar / 音ノ瀬らこ【歌枠切り抜き】,https://www.youtube.com/watch?v=VjvmK7SeD0o
サインはB / 音ノ瀬らこ【歌枠切り抜き】,https://www.youtube.com/watch?v=ZZtcHhb17k0
シャルル / 音ノ瀬らこ【歌枠切り抜き】,https://www.youtube.com/watch?v=ntYe7vrX63s
God Knows… / 音ノ瀬らこ【歌枠切り抜き】,https://www.youtube.com/watch?v=BWAuO-deXkE
ノンブレス・オブリージュ / 音ノ瀬らこ【歌枠切り抜き】,https://www.youtube.com/watch?v=icnHaZXAF4I
ピースサイン / 音ノ瀬らこ【歌枠切り抜き】,https://www.youtube.com/watch?v=N1vt_V5ApO4
ファタール / 音ノ瀬らこ【歌枠切り抜き】,https://www.youtube.com/watch?v=56j_fNBSAes
メフィスト / 音ノ瀬らこ【歌枠切り抜き】,https://www.youtube.com/watch?v=_2NnS5A50kw
ワールドイズマイン / 音ノ瀬らこ【歌枠切り抜き】,https://www.youtube.com/watch?v=WUelYn9dues
心という名の不可解 / 音ノ瀬らこ【歌枠切り抜き】,https://www.youtube.com/watch?v=V_vYeleyj5g
夜明けと蛍 / 音ノ瀬らこ【歌枠切り抜き】,https://www.youtube.com/watch?v=lbX5pC2VZVc
雨とペトラ / 音ノ瀬らこ【歌枠切り抜き】,https://www.youtube.com/watch?v=Kfepdx8UlSg
星座になれたら / 音ノ瀬らこ【歌枠切り抜き】,https://www.youtube.com/watch?v=QULDZEB5J1s
残響散歌 / 音ノ瀬らこ【歌枠切り抜き】,https://www.youtube.com/watch?v=iN0FI_v5vgo
唱 / 音ノ瀬らこ【歌枠切り抜き】,https://www.youtube.com/watch?v=jTy7W6G4y7U
脳裏上のクラッカー / 音ノ瀬らこ【歌枠切り抜き】,https://www.youtube.com/watch?v=Ugx1ZQh43K4
名前のない怪物 / 音ノ瀬らこ【歌枠切り抜き】,https://www.youtube.com/watch?v=OwjH1CiJtmU
君の為のキミノウタ / 音ノ瀬らこ【歌枠切り抜き】,https://www.youtube.com/watch?v=jg4ZrI1IXy8
夜明けと蛍 / 音ノ瀬らこ【歌枠切り抜き】,https://www.youtube.com/watch?v=RzaTABQWFA0
雨とカプチーノ / 音ノ瀬らこ【歌枠切り抜き】,https://www.youtube.com/watch?v=ZG_wzCOvO5w
星座になれたら / 音ノ瀬らこ【歌枠切り抜き】,https://www.youtube.com/watch?v=jaJJQLFQqzM
脳裏上のクラッカー / 音ノ瀬らこ【歌枠切り抜き】,https://www.youtube.com/watch?v=4w8z0oRB2OM
曖昧劣情Lover / 音ノ瀬らこ【歌枠切り抜き】,https://www.youtube.com/watch?v=rucqlotvoMk
贖罪 / 音ノ瀬らこ【歌枠切り抜き】,https://www.youtube.com/watch?v=fn5k5P3RmYI
Ghost of a Smile / 音ノ瀬らこ【歌枠切り抜き】,https://www.youtube.com/watch?v=_MWFX312G0Y
あなたの夜が明けるまで / 音ノ瀬らこ【歌枠切り抜き】,https://www.youtube.com/watch?v=EUO4XGCExgM
カブトムシ / 音ノ瀬らこ【歌枠切り抜き】,https://www.youtube.com/watch?v=JXP9WkaC_uc
それがあなたの幸せとしても / 音ノ瀬らこ【歌枠切り抜き】,https://www.youtube.com/watch?v=Df1jyj0AOC8
ヒッチコック / 音ノ瀬らこ【歌枠切り抜き】,https://www.youtube.com/watch?v=XiGi-LhTtWA
永遠のあくる日 / 音ノ瀬らこ【歌枠切り抜き】,https://www.youtube.com/watch?v=SXIq5AjTfEg
Mela! / 音ノ瀬らこ【歌枠切り抜き】,https://www.youtube.com/watch?v=yp5fSM3yTPM
Mela! / 音ノ瀬らこ【歌枠切り抜き】,https://www.youtube.com/watch?v=ukDDEcu0lmo
UNDEAD / 音ノ瀬らこ【歌枠切り抜き】,https://www.youtube.com/watch?v=3rwGhbucU9o
カワキヲアメク / 音ノ瀬らこ【歌枠切り抜き】,https://www.youtube.com/watch?v=XwItDDbC5_k
フォニイ / 音ノ瀬らこ【歌枠切り抜き】,https://www.youtube.com/watch?v=1ooxV442R0k
モニタリング / 音ノ瀬らこ【歌枠切り抜き】,https://www.youtube.com/watch?v=blZITDQHLQk
夜明けと蛍 / 音ノ瀬らこ【歌枠切り抜き】,https://www.youtube.com/watch?v=V9HBp2B1NVk
花になって / 音ノ瀬らこ【歌枠切り抜き】,https://www.youtube.com/watch?v=l6SSiTe8Vt4
青と夏 / 音ノ瀬らこ【歌枠切り抜き】,https://www.youtube.com/watch?v=dZlYHYG6RPs
星座になれたら / 音ノ瀬らこ【歌枠切り抜き】,https://www.youtube.com/watch?v=t8w-C6wHb2M
春泥棒 / 音ノ瀬らこ【歌枠切り抜き】,https://www.youtube.com/watch?v=VEgCF4cmiII
秒針を噛む / 音ノ瀬らこ【歌枠切り抜き】,https://www.youtube.com/watch?v=TyScQLaK_sg
唱 / 音ノ瀬らこ【歌枠切り抜き】,https://www.youtube.com/watch?v=GTdiB3ojxkU
悪魔の子 / 音ノ瀬らこ【歌枠切り抜き】,https://www.youtube.com/watch?v=TSF3FGkcsXE
転生林檎 / 音ノ瀬らこ【歌枠切り抜き】,https://www.youtube.com/watch?v=ZpQNsNs7VGc
だから僕は音楽を辞めた / 音ノ瀬らこ【歌枠切り抜き】,https://www.youtube.com/watch?v=YVGbaN2MFJ0
【アニメ声】グッバイ宣言 / 音ノ瀬らこ【歌枠切り抜き】,https://www.youtube.com/watch?v=apePfCtQToU
【アニメ声】テレパシ / 音ノ瀬らこ【歌枠切り抜き】,https://www.youtube.com/watch?v=f2WIHchVLwI
【イケボ】砂の惑星 / 音ノ瀬らこ【歌枠切り抜き】,https://www.youtube.com/watch?v=y-6tSBeAtCU
【イケボ】Bunny Girl / 音ノ瀬らこ【歌枠切り抜き】,https://www.youtube.com/watch?v=RbdO01Tb8Pc
【カワボ】可愛くてごめん / 音ノ瀬らこ【歌枠切り抜き】,https://www.youtube.com/watch?v=VE58HVoFR3o
【カワボ】わたしの一番かわいいところ / 音ノ瀬らこ【歌枠切り抜き】,https://www.youtube.com/watch?v=Zs6HPuPezW4
【ハムボ】ハム太郎とっとこうた / 音ノ瀬らこ【歌枠切り抜き】,https://www.youtube.com/watch?v=ptofY4Bb2jc
【ハムボ】シル・ヴ・プレジデント / 音ノ瀬らこ【歌枠切り抜き】,https://www.youtube.com/watch?v=vKjXp1a1y7A
【お姉さん】吉原ラメント / 音ノ瀬らこ【歌枠切り抜き】,https://www.youtube.com/watch?v=gWL7PoxgFhw
【お姉さん】オトナブルー / 音ノ瀬らこ【歌枠切り抜き】,https://www.youtube.com/watch?v=HorY_fAhlAU
【天然水】あなたの夜が明けるまで / 音ノ瀬らこ【歌枠切り抜き】,https://www.youtube.com/watch?v=gkwlWy-G924
【天然水】フォニイ / 音ノ瀬らこ【歌枠切り抜き】,https://www.youtube.com/watch?v=9JEaESA73GE
【ショタ】地球最後の告白を / 音ノ瀬らこ【歌枠切り抜き】,https://www.youtube.com/watch?v=NxR1O5v86dY
【ショタ】ピースサイン / 音ノ瀬らこ【歌枠切り抜き】,https://www.youtube.com/watch?v=fqURcyICe74
踊 / 音ノ瀬らこ【歌枠切り抜き】,https://www.youtube.com/watch?v=OXN9hpxoZeg
POP IN 2 / 音ノ瀬らこ【歌枠切り抜き】,https://www.youtube.com/watch?v=FgU7mPFiLZE
Stellar Stellar / 音ノ瀬らこ【歌枠切り抜き】,https://www.youtube.com/watch?v=wMHkfMHYDt0
アンノウン・マザーグース / 音ノ瀬らこ【歌枠切り抜き】,https://www.youtube.com/watch?v=pK-pTTmeoGI
モニタリング / 音ノ瀬らこ【歌枠切り抜き】,https://www.youtube.com/watch?v=Uzkm6_7nE2w
心という名の不可解 / 音ノ瀬らこ【歌枠切り抜き】,https://www.youtube.com/watch?v=ZsND-Ah012w
夜明けと蛍 / 音ノ瀬らこ【歌枠切り抜き】,https://www.youtube.com/watch?v=Jz1nySmEbTw
泥中に咲く / 音ノ瀬らこ【歌枠切り抜き】,https://www.youtube.com/watch?v=eSQydVrOfjg
悪魔の子 / 音ノ瀬らこ【歌枠切り抜き】,https://www.youtube.com/watch?v=pBoTd_rHxig
ヒバナ / 音ノ瀬らこ【歌枠切り抜き】,https://www.youtube.com/watch?v=6E-623G9J48
366日 / 音ノ瀬らこ【歌枠切り抜き】,https://www.youtube.com/watch?v=euDOAKo5JrY
Bunny Girl / 音ノ瀬らこ【歌枠切り抜き】,https://www.youtube.com/watch?v=Bl41JgSWX5k
G4L / 音ノ瀬らこ【歌枠切り抜き】,https://www.youtube.com/watch?v=aYMf-7GN3u8
Mela! / 音ノ瀬らこ【歌枠切り抜き】,https://www.youtube.com/watch?v=jbU5ghHJtZE
アタシは問題作 / 音ノ瀬らこ【歌枠切り抜き】,https://www.youtube.com/watch?v=Qn3L6kTroa0
あなたの夜が明けるまで / 音ノ瀬らこ【歌枠切り抜き】,https://www.youtube.com/watch?v=_nuCszyNXK4
アンノウン・マザーグース / 音ノ瀬らこ【歌枠切り抜き】,https://www.youtube.com/watch?v=_89E5HoBZng
からくりピエロ / 音ノ瀬らこ【歌枠切り抜き】,https://www.youtube.com/watch?v=PPwLTPeJplA
カワキヲアメク / 音ノ瀬らこ【歌枠切り抜き】,https://www.youtube.com/watch?v=15MmfvvfauU
シル・ヴ・プレジデント / 音ノ瀬らこ【歌枠切り抜き】,https://www.youtube.com/watch?v=Cer0HUkCx1w
ヒッチコック / 音ノ瀬らこ【歌枠切り抜き】,https://www.youtube.com/watch?v=2RAi8N3nLtg
モニタリング / 音ノ瀬らこ【歌枠切り抜き】,https://www.youtube.com/watch?v=jxVQQ4DeuJ4
レディメイド / 音ノ瀬らこ【歌枠切り抜き】,https://www.youtube.com/watch?v=uq8-OKMOLGc
ロウワー / 音ノ瀬らこ【歌枠切り抜き】,https://www.youtube.com/watch?v=CIwyYPcxTEs
ロミオとシンデレラ / 音ノ瀬らこ【歌枠切り抜き】,https://www.youtube.com/watch?v=GP-lCPxEkRY
夜明けと蛍 / 音ノ瀬らこ【歌枠切り抜き】,https://www.youtube.com/watch?v=pRC56MAM6r0
怪物 / 音ノ瀬らこ【歌枠切り抜き】,https://www.youtube.com/watch?v=ZlOA2AvJLUU
春泥棒 / 音ノ瀬らこ【歌枠切り抜き】,https://www.youtube.com/watch?v=LuCBYz8940A
残響散歌 / 音ノ瀬らこ【歌枠切り抜き】,https://www.youtube.com/watch?v=zSTKdKOo7c0
唱 / 音ノ瀬らこ【歌枠切り抜き】,https://www.youtube.com/watch?v=11skv7KrMf8
転生林檎 / 音ノ瀬らこ【歌枠切り抜き】,https://www.youtube.com/watch?v=RPp7lWd4AJY
群青 / 音ノ瀬らこ【歌枠切り抜き】,https://www.youtube.com/watch?v=TSJsf-feX0k
名前のない怪物 / 音ノ瀬らこ【歌枠切り抜き】,https://www.youtube.com/watch?v=ND4pb05rJFc
ルマ / 音ノ瀬らこ【歌枠切り抜き】,https://www.youtube.com/watch?v=DINg7ayzANM
G4L / 音ノ瀬らこ【歌枠切り抜き】,https://www.youtube.com/watch?v=lGY4tiSyaME
アンノウン・マザーグース / 音ノ瀬らこ【歌枠切り抜き】,https://www.youtube.com/watch?v=btF05HYBoWk
サイレントマジョリティー / 音ノ瀬らこ【歌枠切り抜き】,https://www.youtube.com/watch?v=uoJJmps_HnU
シュガーソングとビターステップ / 音ノ瀬らこ【歌枠切り抜き】,https://www.youtube.com/watch?v=RdonauEe-tE
ダーリンダンス / 音ノ瀬らこ【歌枠切り抜き】,https://www.youtube.com/watch?v=M7ovOSRRwJo
フォニイ / 音ノ瀬らこ【歌枠切り抜き】,https://www.youtube.com/watch?v=DCQhEQW_a_A
ノンブレス・オブリージュ / 音ノ瀬らこ【歌枠切り抜き】,https://www.youtube.com/watch?v=XClKFxg60zk
プライド革命 / 音ノ瀬らこ【歌枠切り抜き】,https://www.youtube.com/watch?v=x73LTwqvB4I
ベノム / 音ノ瀬らこ【歌枠切り抜き】,https://www.youtube.com/watch?v=KxAlPk9WjSY
モニタリング / 音ノ瀬らこ【歌枠切り抜き】,https://www.youtube.com/watch?v=_lAFwjS9E0Q
ルカルカ★ナイトフィーバー / 音ノ瀬らこ【歌枠切り抜き】,https://www.youtube.com/watch?v=zgK2mhWGHvU
地球最後の告白を / 音ノ瀬らこ【歌枠切り抜き】,https://www.youtube.com/watch?v=9px5HN3bCGc
如月アテンション / 音ノ瀬らこ【歌枠切り抜き】,https://www.youtube.com/watch?v=AKfL1f34Tuo
夜明けと蛍 / 音ノ瀬らこ【歌枠切り抜き】,https://www.youtube.com/watch?v=673sP3q0TB0
幽霊東京 / 音ノ瀬らこ【歌枠切り抜き】,https://www.youtube.com/watch?v=fBNacTAgeSU
アイロニ / 音ノ瀬らこ【歌枠切り抜き】,https://www.youtube.com/watch?v=k9eUDVkPNlA
アンノウン・マザーグース / 音ノ瀬らこ【歌枠切り抜き】,https://www.youtube.com/watch?v=_-iogX4B7w0
クライヤ / 音ノ瀬らこ【歌枠切り抜き】,https://www.youtube.com/watch?v=8swOoCaVgTM
ケッペキショウ / 音ノ瀬らこ【歌枠切り抜き】,https://www.youtube.com/watch?v=e78FZFoHBjk
それがあなたの幸せとしても / 音ノ瀬らこ【歌枠切り抜き】,https://www.youtube.com/watch?v=5IDwOwQIq34
ツキミソウ / 音ノ瀬らこ【歌枠切り抜き】,https://www.youtube.com/watch?v=WmKg0xoOJUM
ニア / 音ノ瀬らこ【歌枠切り抜き】,https://www.youtube.com/watch?v=KgMuuzsrTsA
ハイドアンド・シーク / 音ノ瀬らこ【歌枠切り抜き】,https://www.youtube.com/watch?v=GUq6OBicW_U
ハロ／ハワユ / 音ノ瀬らこ【歌枠切り抜き】,https://www.youtube.com/watch?v=G8mheatBSc0
わたしのアール / 音ノ瀬らこ【歌枠切り抜き】,https://www.youtube.com/watch?v=xNkY_nsd8nY
夜明けと蛍 / 音ノ瀬らこ【歌枠切り抜き】,https://www.youtube.com/watch?v=wnhOESFBuws
花瓶に触れた / 音ノ瀬らこ【歌枠切り抜き】,https://www.youtube.com/watch?v=h0dprOO1ado
雨とカプチーノ / 音ノ瀬らこ【歌枠切り抜き】,https://www.youtube.com/watch?v=wee0ljzlDOI
雨とペトラ / 音ノ瀬らこ【歌枠切り抜き】,https://www.youtube.com/watch?v=sNNQolo1a5U
弱虫モンブラン / 音ノ瀬らこ【歌枠切り抜き】,https://www.youtube.com/watch?v=hkIjx_z8yMI
曖昧劣情Lover / 音ノ瀬らこ【歌枠切り抜き】,https://www.youtube.com/watch?v=Ia_nO8SLxVg
爆弾魔 / 音ノ瀬らこ【歌枠切り抜き】,https://www.youtube.com/watch?v=YdSV6uaOJSA
秒針を噛む / 音ノ瀬らこ【歌枠切り抜き】,https://www.youtube.com/watch?v=8k0D-hY8KpI
ボッカデラベリタ / 音ノ瀬らこ【歌枠切り抜き】,https://www.youtube.com/watch?v=OFNJTfPmhg4
115万キロのフィルム / 音ノ瀬らこ【歌枠切り抜き】,https://www.youtube.com/watch?v=SsGy0TeLkmY
Alice in 冷凍庫 / 音ノ瀬らこ【歌枠切り抜き】,https://www.youtube.com/watch?v=qIgqLAc5mX4
Dec. / 音ノ瀬らこ【歌枠切り抜き】,https://www.youtube.com/watch?v=vLtAOSVfk0c
START:DASH!! / 音ノ瀬らこ【歌枠切り抜き】,https://www.youtube.com/watch?v=kUwVbbGG5Fw
アンノウン・マザーグース / 音ノ瀬らこ【歌枠切り抜き】,https://www.youtube.com/watch?v=SuLSoxldwJQ
それは僕たちの奇跡 / 音ノ瀬らこ【歌枠切り抜き】,https://www.youtube.com/watch?v=Mt9Psma-Udg
ダーリンダンス / 音ノ瀬らこ【歌枠切り抜き】,https://www.youtube.com/watch?v=yJCykYcXuRs
モニタリング / 音ノ瀬らこ【歌枠切り抜き】,https://www.youtube.com/watch?v=fJmOFmo552I
ラブカ? / 音ノ瀬らこ【歌枠切り抜き】,https://www.youtube.com/watch?v=0iI20mUTrXA
拝啓、少年よ / 音ノ瀬らこ【歌枠切り抜き】,https://www.youtube.com/watch?v=_0VRudA_Sv8
ローリンガール / 音ノ瀬らこ【歌枠切り抜き】,https://www.youtube.com/watch?v=aHfXChqAM34
唱 / 音ノ瀬らこ【歌枠切り抜き】,https://www.youtube.com/watch?v=MGGI3sc8kuo
チュルリラ・チュルリラ・ダッダッダ！ / 音ノ瀬らこ【歌枠切り抜き】,https://www.youtube.com/watch?v=sIIEzjNwl6s
踊 / 音ノ瀬らこ【歌枠切り抜き】,https://www.youtube.com/watch?v=2XEw3q6yPMk
僕が夢を捨てて大人になるまで / 音ノ瀬らこ【歌枠切り抜き】,https://www.youtube.com/watch?v=aSkiCj5ofqQ
転生林檎 / 音ノ瀬らこ【歌枠切り抜き】,https://www.youtube.com/watch?v=gh8FVZr4gjc
爆弾魔 / 音ノ瀬らこ【歌枠切り抜き】,https://www.youtube.com/watch?v=MtFP-JiBMJs
丸の内サディスティック / 音ノ瀬らこ【歌枠切り抜き】,https://www.youtube.com/watch?v=-mLnLaWdhwY
大切な人たちへ / 音ノ瀬らこ【歌枠切り抜き】,https://www.youtube.com/watch?v=leCp0SNoltE
ヤミタイガール / 音ノ瀬らこ【歌枠切り抜き】,https://www.youtube.com/watch?v=wB1k_s_X7yY
悪魔の踊り方 / 音ノ瀬らこ【歌枠切り抜き】,https://www.youtube.com/watch?v=4zohzTCUZBc
レディメイド / 音ノ瀬らこ【歌枠切り抜き】,https://www.youtube.com/watch?v=AYYQou78nWM
妄想税 / 音ノ瀬らこ【歌枠切り抜き】,https://www.youtube.com/watch?v=HFMguBVMRvQ
僕らは今のなかで / 音ノ瀬らこ【歌枠切り抜き】,https://www.youtube.com/watch?v=utORjm4GYPo
だれかの心臓になれたなら / 音ノ瀬らこ【歌枠切り抜き】,https://www.youtube.com/watch?v=EuhFR6DfYxk
ロミオとシンデレラ / 音ノ瀬らこ【歌枠切り抜き】,https://www.youtube.com/watch?v=JO6t2ksZdJQ
夜明けと蛍 / 音ノ瀬らこ【歌枠切り抜き】,https://www.youtube.com/watch?v=WCB85gGIFWI
命に嫌われている。 / 音ノ瀬らこ【歌枠切り抜き】,https://www.youtube.com/watch?v=wZHD2cBcguw
砂の惑星 / 音ノ瀬らこ【歌枠切り抜き】,https://www.youtube.com/watch?v=c2Sk3IMLuWo
ヒバナ / 音ノ瀬らこ【歌枠切り抜き】,https://www.youtube.com/watch?v=IQAFYHw0rps
ゴーストルール / 音ノ瀬らこ【歌枠切り抜き】,https://www.youtube.com/watch?v=UIFfHb_18QM
ロストワンの号哭 / 音ノ瀬らこ【歌枠切り抜き】,https://www.youtube.com/watch?v=oonMDsIgvUM
ネトゲ廃人シュプレヒコール / 音ノ瀬らこ【歌枠切り抜き】,https://www.youtube.com/watch?v=iLEtupuiQ7A
妄想感傷代償連盟 / 音ノ瀬らこ【歌枠切り抜き】,https://www.youtube.com/watch?v=Rm7sJfQ-_CM
夜明けと蛍 / 音ノ瀬らこ【歌枠切り抜き】,https://www.youtube.com/watch?v=UAL_ObYF72w
天ノ弱 / 音ノ瀬らこ【歌枠切り抜き】,https://www.youtube.com/watch?v=vJEJAfK2hhI
弱虫モンブラン (Reloaded) / 音ノ瀬らこ【歌枠切り抜き】,https://www.youtube.com/watch?v=8aM1y_E5-8E
いかないで / 音ノ瀬らこ【歌枠切り抜き】,https://www.youtube.com/watch?v=plKDp094S0A
ヤミタイガール / 音ノ瀬らこ【歌枠切り抜き】,https://www.youtube.com/watch?v=4ZypYNR_Iyg
ウミユリ海底譚 / 音ノ瀬らこ【歌枠切り抜き】,https://www.youtube.com/watch?v=LoxGBn2fHQ0
からくりピエロ / 音ノ瀬らこ【歌枠切り抜き】,https://www.youtube.com/watch?v=FAMV8fjg610
Lemon / 音ノ瀬らこ【歌枠切り抜き】,https://www.youtube.com/watch?v=gN8XiTw_q5Q
Pretender / 音ノ瀬らこ【歌枠切り抜き】,https://www.youtube.com/watch?v=hwGStksY84M
六兆年と一夜物語 / 音ノ瀬らこ【歌枠切り抜き】,https://www.youtube.com/watch?v=G89xYLvoAH4
前前前世 / 音ノ瀬らこ【歌枠切り抜き】,https://www.youtube.com/watch?v=stMNyQlo_-A
乙女解剖 / 音ノ瀬らこ【歌枠切り抜き】,https://www.youtube.com/watch?v=DWpuaS0cpSA
Bunny Girl / 音ノ瀬らこ【歌枠切り抜き】,https://www.youtube.com/watch?v=ZjaiOGeT5Dg
シルエット / 音ノ瀬らこ【歌枠切り抜き】,https://www.youtube.com/watch?v=C_DgWBj1X-Q
ピースサイン / 音ノ瀬らこ【歌枠切り抜き】,https://www.youtube.com/watch?v=pM749gc5o2o
砂の惑星 / 音ノ瀬らこ【歌枠切り抜き】,https://www.youtube.com/watch?v=3op3xczgVqA
LOSER / 音ノ瀬らこ【歌枠切り抜き】,https://www.youtube.com/watch?v=Lla4LNgw448
残酷な天使のテーゼ / 音ノ瀬らこ【歌枠切り抜き】,https://www.youtube.com/watch?v=M6XFqjyCnvU
さよならエレジー / 音ノ瀬らこ【歌枠切り抜き】,https://www.youtube.com/watch?v=n8kfTv48Gis
ラヴィ / 音ノ瀬らこ【歌枠切り抜き】,https://www.youtube.com/watch?v=K8n9kLjHCAY
鬼ノ宴 / 音ノ瀬らこ【歌枠切り抜き】,https://www.youtube.com/watch?v=O89y7Sk5-xM
モザイクロール / 音ノ瀬らこ【歌枠切り抜き】,https://www.youtube.com/watch?v=JvpcvPswy_Q
えれくとりっく・えんじぇぅ / 音ノ瀬らこ【歌枠切り抜き】,https://www.youtube.com/watch?v=moFEHrrvmrQ
ドーナツホール / 音ノ瀬らこ【歌枠切り抜き】,https://www.youtube.com/watch?v=gNXU7z0U6ew
ゴーストルール / 音ノ瀬らこ【歌枠切り抜き】,https://www.youtube.com/watch?v=xNxj3FdkHdI
明日の私に幸あれ / 音ノ瀬らこ【歌枠切り抜き】,https://www.youtube.com/watch?v=ImW-puWA1Jc
愛をこめて花束を / 音ノ瀬らこ【歌枠切り抜き】,https://www.youtube.com/watch?v=GXsCaFV57Qw
夜明けと蛍 / 音ノ瀬らこ【歌枠切り抜き】,https://www.youtube.com/watch?v=vaYopXGO6Ms
魂のルフラン / 音ノ瀬らこ【歌枠切り抜き】,https://www.youtube.com/watch?v=JHcSr0doRCA
たぶん / 音ノ瀬らこ【歌枠切り抜き】,https://www.youtube.com/watch?v=bSqhZuGi9ZQ
炎 / 音ノ瀬らこ【歌枠切り抜き】,https://www.youtube.com/watch?v=16gWqk3Y-_4
決戦スピリット / 音ノ瀬らこ【歌枠切り抜き】,https://www.youtube.com/watch?v=FidNFyKnwCw
花の塔 / 音ノ瀬らこ【歌枠切り抜き】,https://www.youtube.com/watch?v=HDDw2iFOiOw
変わらないもの / 音ノ瀬らこ【歌枠切り抜き】,https://www.youtube.com/watch?v=JEa0vkHrtpM
宿命 / 音ノ瀬らこ【歌枠切り抜き】,https://www.youtube.com/watch?v=EUc080_fFKQ
ロミオとシンデレラ / 音ノ瀬らこ【歌枠切り抜き】,https://www.youtube.com/watch?v=c_42OPlcFhU
エルフ / 音ノ瀬らこ【歌枠切り抜き】,https://www.youtube.com/watch?v=D52lGlamCy8
ライラック / 音ノ瀬らこ【歌枠切り抜き】,https://www.youtube.com/watch?v=PBbNQKLcT6s
Only my Railgun / 音ノ瀬らこ【歌枠切り抜き】,https://www.youtube.com/watch?v=qPmHWaHrxD0
六兆年と一夜物語 / 音ノ瀬らこ【歌枠切り抜き】,https://www.youtube.com/watch?v=ODh7FQhHx3Q
ジャンキーナイトタウンオーケストラ / 音ノ瀬らこ【歌枠切り抜き】,https://www.youtube.com/watch?v=VBSEr_CG5qo
乙女解剖 / 音ノ瀬らこ【歌枠切り抜き】,https://www.youtube.com/watch?v=NBDAQa3pMyI
メランコリック / 音ノ瀬らこ【歌枠切り抜き】,https://www.youtube.com/watch?v=Vmx8FE5hPRo
藍二乗 / 音ノ瀬らこ【歌枠切り抜き】,https://www.youtube.com/watch?v=53BI9hY_Bvg
ヤミタイガール / 音ノ瀬らこ【歌枠切り抜き】,https://www.youtube.com/watch?v=6yydlaQMW-o
only my railgun / 音ノ瀬らこ【歌枠切り抜き】,https://www.youtube.com/watch?v=WUEYGRvPhJI
アンノウン・マザーグース / 音ノ瀬らこ【歌枠切り抜き】,https://www.youtube.com/watch?v=GXEE5mQjaj0
G4L / 音ノ瀬らこ【歌枠切り抜き】,https://www.youtube.com/watch?v=EWgM0ue4ilg
ラヴィ / 音ノ瀬らこ【歌枠切り抜き】,https://www.youtube.com/watch?v=G3BSweg6XSE
ラブカ? / 音ノ瀬らこ【歌枠切り抜き】,https://www.youtube.com/watch?v=RQhYqvhhbQQ
拝啓、少年よ / 音ノ瀬らこ【歌枠切り抜き】,https://www.youtube.com/watch?v=lEpVYfVX7dQ
太陽系デスコ / 音ノ瀬らこ【歌枠切り抜き】,https://www.youtube.com/watch?v=oF2fpKtI570
ダーリンダンス / 音ノ瀬らこ【歌枠切り抜き】,https://www.youtube.com/watch?v=ZyPEQrPzY1w
トゥインクル / 音ノ瀬らこ【歌枠切り抜き】,https://www.youtube.com/watch?v=MiA_732Ih3g
夜明けと蛍 / 音ノ瀬らこ【歌枠切り抜き】,https://www.youtube.com/watch?v=N_-Xc95cjDU
ライラック / 音ノ瀬らこ【歌枠切り抜き】,https://www.youtube.com/watch?v=dOKhGIDboIU
だれかの心臓になれたなら / 音ノ瀬らこ【歌枠切り抜き】,https://www.youtube.com/watch?v=rjrUNoUcMB4
春泥棒 / 音ノ瀬らこ【歌枠切り抜き】,https://www.youtube.com/watch?v=CDFpk5aL54I
エイリアンエイリアン / 音ノ瀬らこ【歌枠切り抜き】,https://www.youtube.com/watch?v=v9cLyPJ21hs
エンヴィーベイビー / 音ノ瀬らこ【歌枠切り抜き】,https://www.youtube.com/watch?v=Ea9tZFdGmwA
ダイダイダイダイダイキライ / 音ノ瀬らこ【歌枠切り抜き】,https://www.youtube.com/watch?v=7mdCBnwbiqY
KING / 音ノ瀬らこ【歌枠切り抜き】,https://www.youtube.com/watch?v=wW5b74HzonQ
ずうっといっしょ！ / 音ノ瀬らこ【歌枠切り抜き】,https://www.youtube.com/watch?v=HHg4_F-xEKo
ダーリン / 音ノ瀬らこ【歌枠切り抜き】,https://www.youtube.com/watch?v=nu7pjLT1eX0
ビビデバ / 音ノ瀬らこ【歌枠切り抜き】,https://www.youtube.com/watch?v=nGJuKUne9xU
ラビットホール / 音ノ瀬らこ【歌枠切り抜き】,https://www.youtube.com/watch?v=Hprqy7SsOJ0
睨めっ娘 / 音ノ瀬らこ【歌枠切り抜き】,https://www.youtube.com/watch?v=O-2EUfMef6g
CH4NGE / 音ノ瀬らこ【歌枠切り抜き】,https://www.youtube.com/watch?v=kIPG9QOdqmY
ジレンマ / 音ノ瀬らこ【歌枠切り抜き】,https://www.youtube.com/watch?v=PFLPHNGNZwg
ダーリン / 音ノ瀬らこ【歌枠切り抜き】,https://www.youtube.com/watch?v=Hy1vzV2QhSQ
睨めっ娘 / 音ノ瀬らこ【歌枠切り抜き】,https://www.youtube.com/watch?v=Sz4eP7K0K_w
カレシのジュード / 音ノ瀬らこ【歌枠切り抜き】,https://www.youtube.com/watch?v=7dWtdahdFB8
デイバイデイズ / 音ノ瀬らこ【歌枠切り抜き】,https://www.youtube.com/watch?v=2oCbS98bRaE
バグ / 音ノ瀬らこ【歌枠切り抜き】,https://www.youtube.com/watch?v=TUuKU6DlNYk
ハナタバ / 音ノ瀬らこ【歌枠切り抜き】,https://www.youtube.com/watch?v=G3mq59jDr5w
生きる / 音ノ瀬らこ【歌枠切り抜き】,https://www.youtube.com/watch?v=8Dy4Xe02jxk
混沌ブギ / 音ノ瀬らこ【歌枠切り抜き】,https://www.youtube.com/watch?v=AZMr94cTG7M
ダーリン / 音ノ瀬らこ【歌枠切り抜き】,https://www.youtube.com/watch?v=2aQ3IbnUf20
モエチャッカファイア / 音ノ瀬らこ【歌枠切り抜き】,https://www.youtube.com/watch?v=ums7pk82SUo
キャットラビング / 音ノ瀬らこ【歌枠切り抜き】,https://www.youtube.com/watch?v=jJQ5S0bUl_g
酔いどれ知らず / 音ノ瀬らこ【歌枠切り抜き】,https://www.youtube.com/watch?v=tfmcpkTJzGA
アイデンティティ/ 音ノ瀬らこ【歌枠切り抜き】,https://www.youtube.com/watch?v=yxbIvioYLpY
ド屑 / 音ノ瀬らこ【歌枠切り抜き】,https://www.youtube.com/watch?v=j-PUGX2GYuk
ビビデバ / 音ノ瀬らこ【歌枠切り抜き】,https://www.youtube.com/watch?v=4drtWPb2pdA
モエチャッカファイア / 音ノ瀬らこ【歌枠切り抜き】,https://www.youtube.com/watch?v=IufbZirdwEI
ダーリン / 音ノ瀬らこ【歌枠切り抜き】,https://www.youtube.com/watch?v=oxPyGV5yq6M
メズマライザー / 音ノ瀬らこ【歌枠切り抜き】,https://www.youtube.com/watch?v=lW0E6ZiGTVs
モエチャッカファイア / 音ノ瀬らこ【歌枠切り抜き】,https://www.youtube.com/watch?v=XMZQCLBr8ss
鬼ノ宴/ 音ノ瀬らこ【歌枠切り抜き】,https://www.youtube.com/watch?v=pmEdoIcpEHc
QUEEN / 音ノ瀬らこ【歌枠切り抜き】,https://www.youtube.com/watch?v=9dKf61l1ezo
バグ / 音ノ瀬らこ【歌枠切り抜き】,https://www.youtube.com/watch?v=Uc6arq79leE
ビビデバ / 音ノ瀬らこ【歌枠切り抜き】,https://www.youtube.com/watch?v=VJjJvWhtnp4
ウタカタララバイ / 音ノ瀬らこ【歌枠切り抜き】,https://www.youtube.com/watch?v=Z6Gs2C1F7Dc
ずうっといっしょ！ / 音ノ瀬らこ【歌枠切り抜き】,https://www.youtube.com/watch?v=KHdmat9z004
オーバーライド / 音ノ瀬らこ【歌枠切り抜き】,https://www.youtube.com/watch?v=nxnTfu2E_Io
モニタリング / 音ノ瀬らこ【歌枠切り抜き】,https://www.youtube.com/watch?v=qqvOT9G0-xs
アスノヨゾラ哨戒班【通常ver 】 / 音ノ瀬らこ【歌枠切り抜き】,https://www.youtube.com/watch?v=aX3XZsiOERA
モニタリング【歌い手グループ】 / 音ノ瀬らこ【歌枠切り抜き】,https://www.youtube.com/watch?v=WXgXe7AHwEQ
テトリス / 音ノ瀬らこ【歌枠切り抜き】,https://www.youtube.com/watch?v=2iO99WSjFOI
テトリス / 音ノ瀬らこ【歌枠切り抜き】,https://www.youtube.com/watch?v=vNyBqsnktLk
ビビデバ / 音ノ瀬らこ【歌枠切り抜き】,https://www.youtube.com/watch?v=EHjpQFW-J7c
キャットラビング / 音ノ瀬らこ【歌枠切り抜き】,https://www.youtube.com/watch?v=ye9A0eYcpyc
ずうっといっしょ！ / 音ノ瀬らこ【歌枠切り抜き】,https://www.youtube.com/watch?v=5la3HpLYKjM
テトリス / 音ノ瀬らこ【歌枠切り抜き】,https://www.youtube.com/watch?v=GXjUMS8GSTs
モニタリング / 音ノ瀬らこ【歌枠切り抜き】,https://www.youtube.com/watch?v=GLc0KXU0M8s
デビルじゃないもん / 音ノ瀬らこ【歌枠切り抜き】,https://www.youtube.com/watch?v=ryM4QRLHsAc
モニタリング / 音ノ瀬らこ【歌枠切り抜き】,https://www.youtube.com/watch?v=mSCbVdox2kw
アスノヨゾラ哨戒班 / 音ノ瀬らこ【歌枠切り抜き】,https://www.youtube.com/watch?v=7ihMl0m4xPs
デビルじゃないもん / 音ノ瀬らこ【歌枠切り抜き】,https://www.youtube.com/watch?v=s91p1ItrghA
マーシャル・マキシマイザー / 音ノ瀬らこ【歌枠切り抜き】,https://www.youtube.com/watch?v=VADAY8nI0mE
アタシは問題作 / 音ノ瀬らこ【歌枠切り抜き】,https://www.youtube.com/watch?v=5eEeh7CbWvo
モニタリング / 音ノ瀬らこ【歌枠切り抜き】,https://www.youtube.com/watch?v=a38MtRMoW6w
QUEEN / 音ノ瀬らこ【歌枠切り抜き】,https://www.youtube.com/watch?v=s5Zab-O6iP4
ダーリン / 音ノ瀬らこ【歌枠切り抜き】,https://www.youtube.com/watch?v=eo3Tqj4DDE0
ダーリン / 音ノ瀬らこ【歌枠切り抜き】,https://www.youtube.com/watch?v=AkLhE6WuBEE
ずうっといっしょ！ / 音ノ瀬らこ【歌枠切り抜き】,https://www.youtube.com/watch?v=akDs5W97ZJ0
メズマライザー / 音ノ瀬らこ【歌枠切り抜き】,https://www.youtube.com/watch?v=eQ7RWeWAOag
テトリス / 音ノ瀬らこ【歌枠切り抜き】,https://www.youtube.com/watch?v=JWrolp7P8Jo
テトリス / 音ノ瀬らこ【歌枠切り抜き】,https://www.youtube.com/watch?v=dK3rL_sYh_Y
モエチャッカファイア / 音ノ瀬らこ【歌枠切り抜き】,https://www.youtube.com/watch?v=Ate_Q-Z9p38
テレパシ / 音ノ瀬らこ【歌枠切り抜き】,https://www.youtube.com/watch?v=QfVHnLsNBQA
ダーリン / 音ノ瀬らこ【歌枠切り抜き】,https://www.youtube.com/watch?v=r6_hCEcuEwY
ヒバナ / 音ノ瀬らこ【歌枠切り抜き】,https://www.youtube.com/watch?v=hTwvwQY2SoU
テレパシ / 音ノ瀬らこ【歌枠切り抜き】,https://www.youtube.com/watch?v=5DEqTuw-Nw8
ダイダイダイダイダイキライ / 音ノ瀬らこ【歌枠切り抜き】,https://www.youtube.com/watch?v=c7bqhg-Xm8A
アスノヨゾラ哨戒班 / 音ノ瀬らこ【歌枠切り抜き】,https://www.youtube.com/watch?v=dxq99IdbvB8
テレパシ / 音ノ瀬らこ【歌枠切り抜き】,https://www.youtube.com/watch?v=FDu6zbhWLgU
ダイダイダイダイダイキライ / 音ノ瀬らこ【歌枠切り抜き】,https://www.youtube.com/watch?v=MxAjg8Cig3E
テトリス / 音ノ瀬らこ【歌枠切り抜き】,https://www.youtube.com/watch?v=tDnNk-2m8tU
バグ / 音ノ瀬らこ【歌枠切り抜き】,https://www.youtube.com/watch?v=OOfiDBHmfEg
ハナタバ / 音ノ瀬らこ【歌枠切り抜き】,https://www.youtube.com/watch?v=M8PXCFCuhQ0
Dec. / 音ノ瀬らこ【歌枠切り抜き】,https://www.youtube.com/watch?v=T4y8E0Ij8vs
テレパシ / 音ノ瀬らこ【歌枠切り抜き】,https://www.youtube.com/watch?v=AgE3mTSgv2o
Dec. / 音ノ瀬らこ【歌枠切り抜き】,https://www.youtube.com/watch?v=QsUICpXeoSM
KING / 音ノ瀬らこ【歌枠切り抜き】,https://www.youtube.com/watch?v=MmsWu0FALJg
デーモンロード / 音ノ瀬らこ【歌枠切り抜き】,https://www.youtube.com/watch?v=45muHcKDFes
モエチャッカファイア / 音ノ瀬らこ【歌枠切り抜き】,https://www.youtube.com/watch?v=UU8PpIwuWKU
アイデンティティ / 音ノ瀬らこ【歌枠切り抜き】,https://www.youtube.com/watch?v=1R_vc6jbKR4
ジレンマ / 音ノ瀬らこ【歌枠切り抜き】,https://www.youtube.com/watch?v=Pdc19MKod4A
【中日字幕】サマータイムレコード / 音ノ瀬らこ x 音ノ瀬らこ,https://www.youtube.com/watch?v=6tpdPqj9BuI
ゴーストルール / 音ノ瀬らこ【歌枠切り抜き】,https://www.youtube.com/watch?v=pE80cMRkJW4
Dec. / 音ノ瀬らこ【歌枠切り抜き】,https://www.youtube.com/watch?v=R5IpTWERjVU
ダイダイダイダイダイキライ / 音ノ瀬らこ【歌枠切り抜き】,https://www.youtube.com/watch?v=C6giwrInlmA
デーモンロード / 音ノ瀬らこ【歌枠切り抜き】,https://www.youtube.com/watch?v=JVX_9r6WULs
ビビデバ / 音ノ瀬らこ【歌枠切り抜き】,https://www.youtube.com/watch?v=6JEzPrhm-1I
ずうっといっしょ！ / 音ノ瀬らこ【歌枠切り抜き】,https://www.youtube.com/watch?v=q3GQRPBt7oM
絶頂讃歌 / 音ノ瀬らこ【歌枠切り抜き】,https://www.youtube.com/watch?v=vkeYBk-Q29k
魔法少女とチョコレゐト / 音ノ瀬らこ【歌枠切り抜き】,https://www.youtube.com/watch?v=DmvrEPZTFzc
フォニイ / 音ノ瀬らこ【歌枠切り抜き】,https://www.youtube.com/watch?v=3c2MuuFV4a0
雨とペトラ / 音ノ瀬らこ【歌枠切り抜き】,https://www.youtube.com/watch?v=MHwMa1Gg_-E
明日の私に幸あれ / 音ノ瀬らこ【歌枠切り抜き】,https://www.youtube.com/watch?v=EJGkTHsZ6QY
LOSER / 音ノ瀬らこ【歌枠切り抜き】,https://www.youtube.com/watch?v=1ElnYbuKOn8
ヤミタイガール / 音ノ瀬らこ【歌枠切り抜き】,https://www.youtube.com/watch?v=BpbT7V_bfh8
カワキヲアメク / 音ノ瀬らこ【歌枠切り抜き】,https://www.youtube.com/watch?v=m9YTeP6ody4
アンノウン・マザーグース / 音ノ瀬らこ【歌枠切り抜き】,https://www.youtube.com/watch?v=7A9KptJcA3U
少女レイ / 音ノ瀬らこ【歌枠切り抜き】,https://www.youtube.com/watch?v=unI0MuOJCBc
乙女解剖 / 音ノ瀬らこ【歌枠切り抜き】,https://www.youtube.com/watch?v=kjphKq1BSMM
夜明けと蛍 / 音ノ瀬らこ【歌枠切り抜き】,https://www.youtube.com/watch?v=EJLQ0K4Z0tY
レディメイド / 音ノ瀬らこ【歌枠切り抜き】,https://www.youtube.com/watch?v=qKCtEZYHMyo
only my railgun / 音ノ瀬らこ【歌枠切り抜き】,https://www.youtube.com/watch?v=eh9EwiNeGCs
Tot Musica / 音ノ瀬らこ【歌枠切り抜き】,https://www.youtube.com/watch?v=CJjRLRh1_64
アタシは問題作 / 音ノ瀬らこ【歌枠切り抜き】,https://www.youtube.com/watch?v=SjWr4-dV2rg
おジャ魔女カーニバル！！ / 音ノ瀬らこ【歌枠切り抜き】,https://www.youtube.com/watch?v=tJHJ0W5gY8I
からくりピエロ / 音ノ瀬らこ【歌枠切り抜き】,https://www.youtube.com/watch?v=QY6BW1yovKU
ギターと孤独の蒼い惑星 / 音ノ瀬らこ【歌枠切り抜き】,https://www.youtube.com/watch?v=EXuQ4MPYKbE
ジャンキーナイトタウンオーケストラ / 音ノ瀬らこ【歌枠切り抜き】,https://www.youtube.com/watch?v=prahXWiPKXY
ダーリンダンス / 音ノ瀬らこ【歌枠切り抜き】,https://www.youtube.com/watch?v=sO_jo1dHgB0
だから僕は音楽を辞めた / 音ノ瀬らこ【歌枠切り抜き】,https://www.youtube.com/watch?v=tq8Kmyej9Co
ドーナツホール / 音ノ瀬らこ【歌枠切り抜き】,https://www.youtube.com/watch?v=LoA-XhabgKg
バレリーコ / 音ノ瀬らこ【歌枠切り抜き】,https://www.youtube.com/watch?v=nY8KTY_P-XY
ヒッチコック / 音ノ瀬らこ【歌枠切り抜き】,https://www.youtube.com/watch?v=uYjlKAIx08k
ヒバナ / 音ノ瀬らこ【歌枠切り抜き】,https://www.youtube.com/watch?v=vIjpu5-nf8c
モニタリング / 音ノ瀬らこ【歌枠切り抜き】,https://www.youtube.com/watch?v=ys7nPSmq5_k
ロストワンの号哭 / 音ノ瀬らこ【歌枠切り抜き】,https://www.youtube.com/watch?v=jUqFth9NM5Y
ロミオとシンデレラ / 音ノ瀬らこ【歌枠切り抜き】,https://www.youtube.com/watch?v=rdDzWOQ5Jgo
ワールズエンド・ダンスホール / 音ノ瀬らこ【歌枠切り抜き】,https://www.youtube.com/watch?v=v5chYeWQn1U
乙女解剖 / 音ノ瀬らこ【歌枠切り抜き】,https://www.youtube.com/watch?v=lsWVOl0bq3w
抜錨 / 音ノ瀬らこ【歌枠切り抜き】,https://www.youtube.com/watch?v=CunpH8RyUIY
夜明けと蛍 / 音ノ瀬らこ【歌枠切り抜き】,https://www.youtube.com/watch?v=IZgBx3YWVJM
祝福 / 音ノ瀬らこ【歌枠切り抜き】,https://www.youtube.com/watch?v=FESpF3Jo5qw
愛を伝えたいだとか / 音ノ瀬らこ【歌枠切り抜き】,https://www.youtube.com/watch?v=vyZWdBRY4J8
裏表ラバーズ / 音ノ瀬らこ【歌枠切り抜き】,https://www.youtube.com/watch?v=nnxyZHeHW5Q
爆弾魔 / 音ノ瀬らこ【歌枠切り抜き】,https://www.youtube.com/watch?v=inSQsYh73lo
ダーリン / 音ノ瀬らこ【歌枠切り抜き】,https://www.youtube.com/watch?v=EWvo_GrDVQ8
ド屑 / 音ノ瀬らこ【歌枠切り抜き】,https://www.youtube.com/watch?v=nq5pVk5WQYE
G4L / 音ノ瀬らこ【歌枠切り抜き】,https://www.youtube.com/watch?v=MMt_Rmj8UmU
アスノヨゾラ哨戒班 / 音ノ瀬らこ【歌枠切り抜き】,https://www.youtube.com/watch?v=Ef0IobvXy3s
ヴァンパイア / 音ノ瀬らこ【歌枠切り抜き】,https://www.youtube.com/watch?v=3OY0yJHtuzI
マーシャル・マキシマイザー / 音ノ瀬らこ【歌枠切り抜き】,https://www.youtube.com/watch?v=uaXUv0SugLo
人マニア / 音ノ瀬らこ【歌枠切り抜き】,https://www.youtube.com/watch?v=OG_eB6X9k8A
地球最後の告白を / 音ノ瀬らこ【歌枠切り抜き】,https://www.youtube.com/watch?v=LD-XWU2kYDc
脳裏上のクラッカー / 音ノ瀬らこ【歌枠切り抜き】,https://www.youtube.com/watch?v=cx7csKbifDc
ハオ / 音ノ瀬らこ【歌枠切り抜き】,https://www.youtube.com/watch?v=tGVLMWznwLM
幽霊東京 / 音ノ瀬らこ【歌枠切り抜き】,https://www.youtube.com/watch?v=jKLatF5jds0
恋愛裁判 / 音ノ瀬らこ【歌枠切り抜き】,https://www.youtube.com/watch?v=NWMxPo_-dBc
プライド革命 / 音ノ瀬らこ【歌枠切り抜き】,https://www.youtube.com/watch?v=H8QyGt31wPU
Mela! / 音ノ瀬らこ【歌枠切り抜き】,https://www.youtube.com/watch?v=KNl62pS_W88
CITRUS / 音ノ瀬らこ【歌枠切り抜き】,https://www.youtube.com/watch?v=eQDE0frlcdA
星座になれたら / 音ノ瀬らこ【歌枠切り抜き】,https://www.youtube.com/watch?v=31NHcOrdHPY
アイのシナリオ / 音ノ瀬らこ【歌枠切り抜き】,https://www.youtube.com/watch?v=w2gJuSuuedg
夜明けと蛍 / 音ノ瀬らこ【歌枠切り抜き】,https://www.youtube.com/watch?v=hIKxvUOYSlY
366日 / 音ノ瀬らこ【歌枠切り抜き】,https://www.youtube.com/watch?v=JVWXmqV2vF4
POP IN 2 / 音ノ瀬らこ【歌枠切り抜き】,https://www.youtube.com/watch?v=S88Ry0dRpqs
青と夏 / 音ノ瀬らこ【歌枠切り抜き】,https://www.youtube.com/watch?v=6grW7bqrj1k
あなたの夜が明けるまで / 音ノ瀬らこ【歌枠切り抜き】,https://www.youtube.com/watch?v=cl0Sm46ln9o
ライラック / 音ノ瀬らこ【歌枠切り抜き】,https://www.youtube.com/watch?v=WmMGrdkwSLQ
ハッピーエンド / 音ノ瀬らこ【歌枠切り抜き】,https://www.youtube.com/watch?v=HiLDEXjzs-w
ただ君に晴れ / 音ノ瀬らこ【歌枠切り抜き】,https://www.youtube.com/watch?v=6yv79xaqUW4
ハローディストピア / 音ノ瀬らこ【歌枠切り抜き】,https://www.youtube.com/watch?v=P8ShJ4G6DGU
雨とペトラ / 音ノ瀬らこ【歌枠切り抜き】,https://www.youtube.com/watch?v=pnXTqxSY3-c
DAYBREAK FRONTLINE / 音ノ瀬らこ【歌枠切り抜き】,https://www.youtube.com/watch?v=k_kL1F0GmIY
怪獣の花唄 / 音ノ瀬らこ【歌枠切り抜き】,https://www.youtube.com/watch?v=zlFEJLxjw8U
メーベル / 音ノ瀬らこ【歌枠切り抜き】,https://www.youtube.com/watch?v=MUV2bIqOZjE
Henceforth / 音ノ瀬らこ【歌枠切り抜き】,https://www.youtube.com/watch?v=ZzL_ra1HhGk
群青 / 音ノ瀬らこ【歌枠切り抜き】,https://www.youtube.com/watch?v=UcyRn-on5Dg
雨とカプチーノ / 音ノ瀬らこ【歌枠切り抜き】,https://www.youtube.com/watch?v=UAvASIvDpLk
少女レイ / 音ノ瀬らこ【歌枠切り抜き】,https://www.youtube.com/watch?v=c-nlJjWuywk
宿命 / 音ノ瀬らこ【歌枠切り抜き】,https://www.youtube.com/watch?v=A1hc2uccMQc
乙女解剖 / 音ノ瀬らこ【歌枠切り抜き】,https://www.youtube.com/watch?v=3Fs2H4JprYU
だれかの心臓になれたなら / 音ノ瀬らこ【歌枠切り抜き】,https://www.youtube.com/watch?v=6eOwdhCdrjI
夜明けと蛍 / 音ノ瀬らこ【歌枠切り抜き】,https://www.youtube.com/watch?v=91xY5EJgxuA
君の為のキミノウタ / 音ノ瀬らこ【歌枠切り抜き】,https://www.youtube.com/watch?v=93coXpo3nQM
115万キロのフィルム / 音ノ瀬らこ【歌枠切り抜き】,https://www.youtube.com/watch?v=XFrjRUVcoPE
フリージア / 音ノ瀬らこ【歌枠切り抜き】,https://www.youtube.com/watch?v=XLqUwL8QOUg
Alice in 冷凍庫 / 音ノ瀬らこ【歌枠切り抜き】,https://www.youtube.com/watch?v=5Brz9POpW-c
君の知らない物語 / 音ノ瀬らこ【歌枠切り抜き】,https://www.youtube.com/watch?v=W940BuKHw-Q
Surges / 音ノ瀬らこ【歌枠切り抜き】,https://www.youtube.com/watch?v=XundPvtXMPc
【アカペラ】おやすみ泣き声、さよなら歌姫 / 音ノ瀬らこ【歌枠切り抜き】,https://www.youtube.com/watch?v=GP6uVKhSp58
【アカペラ】高音厨音域テスト / 音ノ瀬らこ【歌枠切り抜き】,https://www.youtube.com/watch?v=zpNirb4ck74
エゴロック / 音ノ瀬らこ【歌枠切り抜き】,https://www.youtube.com/watch?v=yap-mtvw3hY
エンヴィーベイビー / 音ノ瀬らこ【歌枠切り抜き】,https://www.youtube.com/watch?v=hEmgqQnu8d4
生きる / 音ノ瀬らこ【歌枠切り抜き】,https://www.youtube.com/watch?v=uhz42EC37qk
プラネタリウム / 音ノ瀬らこ【歌枠切り抜き】,https://www.youtube.com/watch?v=Fy9XOwL5r6M
KICKBACK / 音ノ瀬らこ【歌枠切り抜き】,https://www.youtube.com/watch?v=9XS8i47MVkc
ひゅるりらぱっぱ / 音ノ瀬らこ【歌枠切り抜き】,https://www.youtube.com/watch?v=iTbgri7WdGs
邪魔 / 音ノ瀬らこ【歌枠切り抜き】,https://www.youtube.com/watch?v=RNTj6qZRlO4
ダダダダ天使 / 音ノ瀬らこ【歌枠切り抜き】,https://www.youtube.com/watch?v=xuNgLFIwGN0
CQCQ / 音ノ瀬らこ【歌枠切り抜き】,https://www.youtube.com/watch?v=7UaOeFywl3U
残機 / 音ノ瀬らこ【歌枠切り抜き】,https://www.youtube.com/watch?v=zuDgzNDdpsI
さくらんぼ / 音ノ瀬らこ【歌枠切り抜き】,https://www.youtube.com/watch?v=ZJ4C6rwsKNk
ドラマツルギー / 音ノ瀬らこ【歌枠切り抜き】,https://www.youtube.com/watch?v=h7iIvDag8OY
だれかの心臓になれたなら / 音ノ瀬らこ【歌枠切り抜き】,https://www.youtube.com/watch?v=k8bEBXDSjGQ
第ゼロ感 / 音ノ瀬らこ【歌枠切り抜き】,https://www.youtube.com/watch?v=T-cUdxIEPCg
夜明けと蛍 / 音ノ瀬らこ【歌枠切り抜き】,https://www.youtube.com/watch?v=iwT5phpgx0Y
Best Friend / 音ノ瀬らこ【歌枠切り抜き】,https://www.youtube.com/watch?v=8MijuIEd3Kc
Best Friend / 音ノ瀬らこ【歌枠切り抜き】,https://www.youtube.com/watch?v=0zKhVN2qJ14
